[2026-09-23T16:37:14.888Z] total=1722 done=0 todo=1722 conc=4 dry=false
[2026-09-23T16:37:15.457Z] #1/1722 cmrp3exoa00d4gx0mymyyyq7y OK (obj已存在,补DB) -> 1784302120837_3htsmcerx02.m4a
[2026-09-23T16:37:15.458Z] #4/1722 cmrhn060f10kfgxu0yh2l76oc OK (obj已存在,补DB) -> 1783851295449_9u2kfn7nk50.m4a
[2026-09-23T16:37:15.486Z] #2/1722 cmrhn09bx10kjgxu0abfpphhu OK (obj已存在,补DB) -> 1783851299602_zt4i2nh2l58.m4a
[2026-09-23T16:37:15.487Z] #3/1722 cmrhn07n510khgxu0bj2m5foo OK (obj已存在,补DB) -> 1783851297474_mbg95chddf0.m4a
[2026-09-23T16:37:15.983Z] #5/1722 cmrhn04fp10kdgxu0tu4cye8q OK (obj已存在,补DB) -> 1783851293518_8t1zwh3p4ug.m4a
[2026-09-23T16:37:19.735Z] #6/1722 cmrhqq0vy10sxgxu0y30lux5r FAIL [ipod @ 000002c3be1374c0] Could not find tag for codec h264 in stream #0, codec not currently supported in container
[out#0/ipod @ 000002c3be1dccc0] Could not write header (incorrect codec parameters
[2026-09-23T16:37:39.533Z] #7/1722 cmrhn02y010kbgxu0xixhte0g OK  -> 1783851291547_mho0egwmu5h.m4a
[2026-09-23T16:37:41.181Z] #11/1722 cmr66xtbc0rgggxu0mel8uj0a FAIL [ipod @ 00000183c79f7680] Could not find tag for codec h264 in stream #0, codec not currently supported in container
[out#0/ipod @ 00000183c79f7580] Could not write header (incorrect codec parameters
[2026-09-23T16:37:44.118Z] #9/1722 cmrhmzznz10k1gxu0b0z69gd9 OK  -> 1783851287111_eux967vyvb9.m4a
[2026-09-23T16:37:45.096Z] #8/1722 cmrhn01fj10k3gxu012ahike5 OK  -> 1783851289260_xbzntti16rw.m4a
[2026-09-23T16:37:46.500Z] #13/1722 cmrpsxlbu00rqgx0mu8k6btd7 FAIL [ipod @ 000002a9825ee6c0] Could not find tag for codec h264 in stream #0, codec not currently supported in container
[out#0/ipod @ 000002a9825c7500] Could not write header (incorrect codec parameters
[2026-09-23T16:37:49.101Z] #15/1722 cmr66xprk0rgcgxu0ibywv8dx FAIL [ipod @ 0000019ba07965c0] Could not find tag for codec h264 in stream #0, codec not currently supported in container
[out#0/ipod @ 0000019ba07964c0] Could not write header (incorrect codec parameters
[2026-09-23T16:37:49.570Z] #14/1722 cmr66xrnm0rgegxu0kb27vlvq FAIL [ipod @ 0000021c5ed07480] Could not find tag for codec h264 in stream #0, codec not currently supported in container
[out#0/ipod @ 0000021c5ed13280] Could not write header (incorrect codec parameters
[2026-09-23T16:37:51.563Z] #16/1722 cmr66xo480rgagxu022o0vvyg FAIL [ipod @ 000002657348fb00] Could not find tag for codec h264 in stream #0, codec not currently supported in container
[out#0/ipod @ 0000026573447880] Could not write header (incorrect codec parameters
[2026-09-23T16:37:53.854Z] #18/1722 cmr66xmie0rg8gxu0nverpiu1 FAIL [ipod @ 0000022c8afd7480] Could not find tag for codec h264 in stream #0, codec not currently supported in container
[out#0/ipod @ 0000022c8b075080] Could not write header (incorrect codec parameters
[2026-09-23T16:37:55.578Z] #19/1722 cmr66xl1f0rg6gxu08suzx3vz FAIL [ipod @ 000001c2e5e32c80] Could not find tag for codec h264 in stream #0, codec not currently supported in container
[out#0/ipod @ 000001c2e5da54c0] Could not write header (incorrect codec parameters
[2026-09-23T16:38:05.282Z] #12/1722 cmrhmzvxw10jxgxu0g9laqrgw OK  -> 1783851282092_aagek0g56mf.m4a
[2026-09-23T16:38:07.078Z] #21/1722 cmr66xjdq0rg4gxu0l34sv4mt FAIL [ipod @ 000001a9655dee00] Could not find tag for codec h264 in stream #0, codec not currently supported in container
[out#0/ipod @ 000001a9655b54c0] Could not write header (incorrect codec parameters
[2026-09-23T16:38:08.527Z] #22/1722 cmr66xhrm0rg2gxu01kanzjgm FAIL [ipod @ 000001c0e79a19c0] Could not find tag for codec h264 in stream #0, codec not currently supported in container
[out#0/ipod @ 000001c0e7926740] Could not write header (incorrect codec parameters
[2026-09-23T16:38:12.581Z] #10/1722 cmrhmzxzw10jzgxu0d84xyr5b OK  -> 1783851284456_dfdju7380ur.m4a
[2026-09-23T16:38:12.882Z] #17/1722 cmr5v1e7q0q4sgxu0exdp0mfk OK  -> 1783139195482_039zfqs0fx8.m4a
[2026-09-23T16:38:15.105Z] #24/1722 cmrhr28ww10yjgxu0dy8m0yra FAIL [ipod @ 0000026f2dfe7480] Could not find tag for codec h264 in stream #0, codec not currently supported in container
[out#0/ipod @ 0000026f2dfe7380] Could not write header (incorrect codec parameters
[2026-09-23T16:38:15.487Z] #25/1722 cmr0ck2cz0jk9gxu0pj0sienu FAIL [ipod @ 0000015158a17580] Could not find tag for codec h264 in stream #0, codec not currently supported in container
[out#0/ipod @ 0000015158a17480] Could not write header (incorrect codec parameters
[2026-09-23T16:38:19.775Z] #20/1722 cmr5v1ckx0q4qgxu0a3fqo9zp OK  -> 1783139193382_0ipsj1u5jac.m4a
[2026-09-23T16:38:22.499Z] #27/1722 cmqz8grb70hh0gxu06niri1ts FAIL [ipod @ 0000015631eb6f00] Could not find tag for codec h264 in stream #0, codec not currently supported in container
[out#0/ipod @ 0000015631fb1e00] Could not write header (incorrect codec parameters
[2026-09-23T16:38:22.504Z] #28/1722 cmr0hq9gh0k7ngxu0hiurwvm4 FAIL [ipod @ 000001f9aef77340] Could not find tag for codec h264 in stream #0, codec not currently supported in container
[out#0/ipod @ 000001f9aef77240] Could not write header (incorrect codec parameters
[2026-09-23T16:38:25.314Z] #30/1722 cmr0hq4lr0k7hgxu03nr5pqhk FAIL [ipod @ 0000017ffe0e55c0] Could not find tag for codec h264 in stream #0, codec not currently supported in container
[out#0/ipod @ 0000017ffe066940] Could not write header (incorrect codec parameters
[2026-09-23T16:38:25.533Z] #29/1722 cmr0hq7w20k7lgxu0lnbfvm0o FAIL [ipod @ 00000169dffd9100] Could not find tag for codec h264 in stream #0, codec not currently supported in container
[out#0/ipod @ 00000169dff554c0] Could not write header (incorrect codec parameters
[2026-09-23T16:38:27.788Z] #31/1722 cmr0hq6bc0k7jgxu0hdjsl2vx FAIL [ipod @ 000001fd789a7540] Could not find tag for codec h264 in stream #0, codec not currently supported in container
[out#0/ipod @ 000001fd789a7440] Could not write header (incorrect codec parameters
[2026-09-23T16:38:29.652Z] #32/1722 cmr0hq0fq0k7dgxu0dnyqkst1 FAIL [ipod @ 000001fc87677040] Could not find tag for codec h264 in stream #0, codec not currently supported in container
[out#0/ipod @ 000001fc87676f40] Could not write header (incorrect codec parameters
[2026-09-23T16:38:30.546Z] #23/1722 cmr5v1ayf0q4ogxu0xxwji5e2 OK  -> 1783139191084_2cyx3mrslk6.m4a
[2026-09-23T16:38:31.568Z] #33/1722 cmr0hq24t0k7fgxu0s14etj2h FAIL [ipod @ 0000025ada18c180] Could not find tag for codec h264 in stream #0, codec not currently supported in container
[out#0/ipod @ 0000025ada0e54c0] Could not write header (incorrect codec parameters
[2026-09-23T16:38:33.893Z] #34/1722 cmr0hpyuo0k7bgxu08iuahdi9 FAIL [ipod @ 000001bad8937ec0] Could not find tag for codec h264 in stream #0, codec not currently supported in container
[out#0/ipod @ 000001bad89d5fc0] Could not write header (incorrect codec parameters
[2026-09-23T16:38:34.399Z] #35/1722 cmr0hpxd30k79gxu0f2a8o2da FAIL [ipod @ 00000205e74cbf40] Could not find tag for codec h264 in stream #0, codec not currently supported in container
[out#0/ipod @ 00000205e74c54c0] Could not write header (incorrect codec parameters
[2026-09-23T16:38:35.284Z] #37/1722 cmqz8gndi0hgwgxu08y9bcmn1 FAIL [ipod @ 000002674cf53b00] Could not find tag for codec h264 in stream #0, codec not currently supported in container
[out#0/ipod @ 000002674ce96f40] Could not write header (incorrect codec parameters
[2026-09-23T16:38:38.425Z] #38/1722 cmr0hpvpn0k77gxu0yquihwv9 FAIL [ipod @ 000002b3700b7580] Could not find tag for codec h264 in stream #0, codec not currently supported in container
[out#0/ipod @ 000002b3701519c0] Could not write header (incorrect codec parameters
[2026-09-23T16:38:38.884Z] #36/1722 cmqz8gp9b0hgygxu0dckqrq8q FAIL [ipod @ 0000024c4c732340] Could not find tag for codec h264 in stream #0, codec not currently supported in container
[out#0/ipod @ 0000024c4c726fc0] Could not write header (incorrect codec parameters
[2026-09-23T16:38:39.140Z] #39/1722 cmqx5wb240bw2gxu0i8yvrgbl FAIL [ipod @ 000001fc0e468dc0] Could not find tag for codec h264 in stream #0, codec not currently supported in container
[out#0/ipod @ 000001fc0e402d40] Could not write header (incorrect codec parameters
[2026-09-23T16:38:41.358Z] #40/1722 cmqx5w9n30bw0gxu06hlso58d FAIL [ipod @ 000001fbac053800] Could not find tag for codec h264 in stream #0, codec not currently supported in container
[out#0/ipod @ 000001fbabfc54c0] Could not write header (incorrect codec parameters
[2026-09-23T16:38:43.826Z] #42/1722 cmr0hpsic0k73gxu0ltwui70i FAIL [ipod @ 000001489c067400] Could not find tag for codec h264 in stream #0, codec not currently supported in container
[out#0/ipod @ 000001489c1085c0] Could not write header (incorrect codec parameters
[2026-09-23T16:38:45.260Z] #43/1722 cmr0hpu420k75gxu0bjvlq9l1 FAIL [ipod @ 0000027b39c2c940] Could not find tag for codec h264 in stream #0, codec not currently supported in container
[out#0/ipod @ 0000027b39b773c0] Could not write header (incorrect codec parameters
[2026-09-23T16:38:46.819Z] #41/1722 cmqz8gm3a0hgugxu0131iukxq FAIL [ipod @ 000002d6357e1d80] Could not find tag for codec h264 in stream #0, codec not currently supported in container
[out#0/ipod @ 000002d635797580] Could not write header (incorrect codec parameters
[2026-09-23T16:38:50.273Z] #45/1722 cmr0r9jle0l10gxu015pcvaey FAIL [ipod @ 000001722ca37540] Could not find tag for codec h264 in stream #0, codec not currently supported in container
[out#0/ipod @ 000001722ca37440] Could not write header (incorrect codec parameters
[2026-09-23T16:38:50.462Z] #44/1722 cmr0hpqyl0k71gxu0ba6jrmuw FAIL [ipod @ 000001bc16247580] Could not find tag for codec h264 in stream #0, codec not currently supported in container
[out#0/ipod @ 000001bc16247480] Could not write header (incorrect codec parameters
[2026-09-23T16:38:50.527Z] #46/1722 cmqx5w8460bvygxu0s1xotrfd FAIL [ipod @ 00000211927d8ec0] Could not find tag for codec h264 in stream #0, codec not currently supported in container
[out#0/ipod @ 0000021192768140] Could not write header (incorrect codec parameters
[2026-09-23T16:38:53.103Z] #26/1722 cmr51q68j0opngxu059rnagpb OK  -> 1783089962747_vtxr5bvf71h.m4a
[2026-09-23T16:38:54.655Z] #48/1722 cmr0hppar0k6zgxu05wweam6u FAIL [ipod @ 00000297da057480] Could not find tag for codec h264 in stream #0, codec not currently supported in container
[out#0/ipod @ 00000297da062d00] Could not write header (incorrect codec parameters
[2026-09-23T16:38:56.746Z] #50/1722 cmr0lplvd0kk7gxu0849aea0l FAIL [ipod @ 000001627671d580] Could not find tag for codec h264 in stream #0, codec not currently supported in container
[out#0/ipod @ 00000162767154c0] Could not write header (incorrect codec parameters
[2026-09-23T16:38:59.593Z] #52/1722 cmqx5w6ns0bvwgxu0gpsr7odv FAIL [ipod @ 00000215ea657b00] Could not find tag for codec h264 in stream #0, codec not currently supported in container
[out#0/ipod @ 00000215ea6e3cc0] Could not write header (incorrect codec parameters
[2026-09-23T16:39:03.335Z] #51/1722 cmr0hpnti0k6tgxu0sqqbnqt0 FAIL [ipod @ 0000029471267640] Could not find tag for codec h264 in stream #0, codec not currently supported in container
[out#0/ipod @ 00000294712654c0] Could not write header (incorrect codec parameters
[2026-09-23T16:39:03.858Z] #53/1722 cmqx5w57j0bvugxu0o7p6f8c0 FAIL [ipod @ 00000188efed3780] Could not find tag for codec h264 in stream #0, codec not currently supported in container
[out#0/ipod @ 00000188efe46440] Could not write header (incorrect codec parameters
[2026-09-23T16:39:05.356Z] #47/1722 cmqz8gk6w0hgsgxu0vrn9jif0 FAIL [ipod @ 000001f575b52280] Could not find tag for codec h264 in stream #0, codec not currently supported in container
[out#0/ipod @ 000001f575b47580] Could not write header (incorrect codec parameters
[2026-09-23T16:39:06.727Z] #49/1722 cmqz8giap0hgqgxu0b6dyrqlt FAIL [ipod @ 0000025dc1a63300] Could not find tag for codec h264 in stream #0, codec not currently supported in container
[out#0/ipod @ 0000025dc1a37f80] Could not write header (incorrect codec parameters
[2026-09-23T16:39:09.614Z] #55/1722 cmqz8ggag0hgogxu097ua2q2w FAIL [ipod @ 000001f9e9c5a0c0] Could not find tag for codec h264 in stream #0, codec not currently supported in container
[out#0/ipod @ 000001f9e9bf6fc0] Could not write header (incorrect codec parameters
[2026-09-23T16:39:09.647Z] #54/1722 cmr0lpiqi0kk1gxu03o97juje FAIL [ipod @ 00000183ffd49100] Could not find tag for codec h264 in stream #0, codec not currently supported in container
[out#0/ipod @ 00000183ffcf7600] Could not write header (incorrect codec parameters
[2026-09-23T16:39:12.413Z] #56/1722 cmr0lpk8o0kk3gxu0eg6fuihk FAIL [ipod @ 000001fe26457700] Could not find tag for codec h264 in stream #0, codec not currently supported in container
[out#0/ipod @ 000001fe264554c0] Could not write header (incorrect codec parameters
[2026-09-23T16:39:12.862Z] #58/1722 cmr0lph3t0kjxgxu0ttkbl9ke FAIL [ipod @ 0000016af47b7c40] Could not find tag for codec h264 in stream #0, codec not currently supported in container
[out#0/ipod @ 0000016af47b7180] Could not write header (incorrect codec parameters
[2026-09-23T16:39:13.603Z] #57/1722 cmr0lpfl60kjvgxu0c60fimpg FAIL [ipod @ 00000282f3889240] Could not find tag for codec h264 in stream #0, codec not currently supported in container
[out#0/ipod @ 00000282f38354c0] Could not write header (incorrect codec parameters
[2026-09-23T16:39:15.359Z] #61/1722 cmqx5w3ss0bvsgxu0h0v74hzp FAIL [ipod @ 000002566e384640] Could not find tag for codec h264 in stream #0, codec not currently supported in container
[out#0/ipod @ 000002566e2f54c0] Could not write header (incorrect codec parameters
[2026-09-23T16:39:15.968Z] #59/1722 cmr0lpcdw0kjrgxu0y6ovx5p9 FAIL [ipod @ 000001813531b600] Could not find tag for codec h264 in stream #0, codec not currently supported in container
[out#0/ipod @ 000001813531b4c0] Could not write header (incorrect codec parameters
[2026-09-23T16:40:06.275Z] total=1722 done=14 todo=1708 conc=6 dry=false
[2026-09-23T16:40:46.734Z] #3/1708 cmrpsxlbu00rqgx0mu8k6btd7 OK  -> 1784344979841_mrba4hoohen.m4a
[2026-09-23T16:40:49.396Z] #1/1708 cmrhqq0vy10sxgxu0y30lux5r OK  -> 1783857540663_a0caa3kqdz9.m4a
[2026-09-23T16:41:00.091Z] #4/1708 cmr66xrnm0rgegxu0kb27vlvq OK  -> 1783159181327_r0ftxnv4ic4.m4a
[2026-09-23T16:41:00.720Z] #6/1708 cmr66xo480rgagxu022o0vvyg OK  -> 1783159177105_p2exslod75j.m4a
[2026-09-23T16:41:02.876Z] #5/1708 cmr66xprk0rgcgxu0ibywv8dx OK  -> 1783159179192_we0slat14w3.m4a
[2026-09-23T16:41:06.913Z] #2/1708 cmr66xtbc0rgggxu0mel8uj0a OK  -> 1783159183780_ukuns8shbpv.m4a
[2026-09-23T16:41:27.575Z] #8/1708 cmr66xl1f0rg6gxu08suzx3vz OK  -> 1783159173061_2xtleh37qh8.m4a
[2026-09-23T16:41:38.512Z] #7/1708 cmr66xmie0rg8gxu0nverpiu1 OK  -> 1783159175202_fkziw44yyq4.m4a
[2026-09-23T16:41:39.227Z] #11/1708 cmrhr28ww10yjgxu0dy8m0yra OK  -> 1783858110944_7dsunvk1m2b.m4a
[2026-09-23T16:41:46.210Z] #9/1708 cmr66xjdq0rg4gxu0l34sv4mt OK  -> 1783159170969_3psdxmu2mzt.m4a
[2026-09-23T16:41:46.252Z] #12/1708 cmr0ck2cz0jk9gxu0pj0sienu OK  -> 1782805822937_lp0yiksu3qb.m4a
[2026-09-23T16:41:46.495Z] #10/1708 cmr66xhrm0rg2gxu01kanzjgm OK  -> 1783159169147_s868qvx65h7.m4a
[2026-09-23T16:42:17.158Z] #13/1708 cmqz8grb70hh0gxu06niri1ts OK  -> 1782738483519_w2advwz3du3.m4a
[2026-09-23T16:42:22.520Z] #14/1708 cmr0hq9gh0k7ngxu0hiurwvm4 OK  -> 1782814510289_o3ufh156u5i.m4a
[2026-09-23T16:42:25.318Z] #18/1708 cmr0hq0fq0k7dgxu0dnyqkst1 OK  -> 1782814498578_w6twd0axh5l.m4a
[2026-09-23T16:42:32.767Z] #17/1708 cmr0hq6bc0k7jgxu0hdjsl2vx OK  -> 1782814506027_tl0q2zolrlo.m4a
[2026-09-23T16:42:33.567Z] #15/1708 cmr0hq7w20k7lgxu0lnbfvm0o OK  -> 1782814508246_fu4cmwyduv5.m4a
[2026-09-23T16:42:40.839Z] #23/1708 cmqz8gndi0hgwgxu08y9bcmn1 OK  -> 1782738479412_ydrnykp4cnm.m4a
[2026-09-23T16:42:41.024Z] #16/1708 cmr0hq4lr0k7hgxu03nr5pqhk OK  -> 1782814502828_km6h6b684xu.m4a
[2026-09-23T16:43:00.060Z] #19/1708 cmr0hq24t0k7fgxu0s14etj2h OK  -> 1782814500621_ewkjya22cqr.m4a
[2026-09-23T16:43:02.094Z] #25/1708 cmqx5wb240bw2gxu0i8yvrgbl OK  -> 1782613238563_7u9pbzlfx1j.m4a
[2026-09-23T16:43:04.948Z] #20/1708 cmr0hpyuo0k7bgxu08iuahdi9 OK  -> 1782814496648_89kr0sivz9a.m4a
[2026-09-23T16:43:10.475Z] #21/1708 cmr0hpxd30k79gxu0f2a8o2da OK  -> 1782814494501_tipmqlc2dvf.m4a
[2026-09-23T16:43:14.106Z] #22/1708 cmqz8gp9b0hgygxu0dckqrq8q OK  -> 1782738481073_nhcrozhicyn.m4a
[2026-09-23T16:43:18.715Z] #26/1708 cmqx5w9n30bw0gxu06hlso58d OK  -> 1782613236591_ziz6a07n0xa.m4a
[2026-09-23T16:43:24.740Z] #24/1708 cmr0hpvpn0k77gxu0yquihwv9 OK  -> 1782814492435_aa5vv4r6ta2.m4a
[2026-09-23T16:43:44.896Z] #28/1708 cmr0hpsic0k73gxu0ltwui70i OK  -> 1782814488353_0uw1054rdkz.m4a
[2026-09-23T16:43:45.241Z] #32/1708 cmqx5w8460bvygxu0s1xotrfd OK  -> 1782613234702_p6t0l8efkql.m4a
[2026-09-23T16:43:51.737Z] #31/1708 cmr0r9jle0l10gxu015pcvaey OK  -> 1782830526475_x4klici98gk.m4a
[2026-09-23T16:43:55.079Z] #30/1708 cmr0hpqyl0k71gxu0ba6jrmuw OK  -> 1782814486201_41pi8z77rzs.m4a
[2026-09-23T16:43:59.394Z] #27/1708 cmqz8gm3a0hgugxu0131iukxq OK  -> 1782738476944_9fy7ggavr14.m4a
[2026-09-23T16:43:59.984Z] #29/1708 cmr0hpu420k75gxu0bjvlq9l1 OK  -> 1782814490354_xy3805t6x4q.m4a
[2026-09-23T16:44:17.207Z] #38/1708 cmqx5w6ns0bvwgxu0gpsr7odv OK  -> 1782613232823_0ghqkirm5oe.m4a
[2026-09-23T16:44:26.415Z] #34/1708 cmr0hppar0k6zgxu05wweam6u OK  -> 1782814484287_x4p3gs5o4ce.m4a
[2026-09-23T16:44:26.738Z] #33/1708 cmqz8gk6w0hgsgxu0vrn9jif0 OK  -> 1782738474494_69vb09vwov3.m4a
[2026-09-23T16:44:36.449Z] #39/1708 cmqx5w57j0bvugxu0o7p6f8c0 OK  -> 1782613230998_rhdglayzrqm.m4a
[2026-09-23T16:44:46.221Z] #35/1708 cmqz8giap0hgqgxu0b6dyrqlt OK  -> 1782738471893_52dfgsz69gb.m4a
[2026-09-23T16:44:46.696Z] #36/1708 cmr0lplvd0kk7gxu0849aea0l OK  -> 1782821198101_3rx3mctqy2t.m4a
[2026-09-23T16:44:50.279Z] #37/1708 cmr0hpnti0k6tgxu0sqqbnqt0 OK  -> 1782814482113_3xr6zk7889t.m4a
[2026-09-23T16:45:09.495Z] #40/1708 cmr0lpiqi0kk1gxu03o97juje OK  -> 1782821194035_285997ik0sf.m4a
[2026-09-23T16:45:15.155Z] #42/1708 cmr0lpk8o0kk3gxu0eg6fuihk OK  -> 1782821196149_pexrgt4kffb.m4a
[2026-09-23T16:45:17.877Z] #41/1708 cmqz8ggag0hgogxu097ua2q2w OK  -> 1782738469485_we3wc4ttkh7.m4a
[2026-09-23T16:45:25.377Z] #43/1708 cmr0lpfl60kjvgxu0c60fimpg OK  -> 1782821190058_upaqirpqz3j.m4a
[2026-09-23T16:45:25.877Z] #45/1708 cmr0lpcdw0kjrgxu0y6ovx5p9 OK  -> 1782821186009_tyl1t731w7f.m4a
[2026-09-23T16:45:29.091Z] #44/1708 cmr0lph3t0kjxgxu0ttkbl9ke OK  -> 1782821192069_z2bvnr7eos9.m4a
[2026-09-23T16:45:38.161Z] #47/1708 cmqx5w3ss0bvsgxu0h0v74hzp OK  -> 1782613229189_t1cl3xh0uyb.m4a
[2026-09-23T16:45:46.661Z] #50/1708 cmqx5w2en0bvqgxu0xwnmxfqy OK  -> 1782613227271_g7ugrpwhps5.m4a
[2026-09-23T16:45:47.143Z] #46/1708 cmr0lpe160kjtgxu0tk5337wg OK  -> 1782821187928_4csszid08tv.m4a
[2026-09-23T16:45:55.562Z] #48/1708 cmqz8gefl0hgmgxu0hisd9vdy OK  -> 1782738467084_kk2ady8uvo5.m4a
[2026-09-23T16:45:58.473Z] #52/1708 cmqx5w0x80bvogxu0jwkmeom2 OK  -> 1782613225377_l5j51ewhro5.m4a
[2026-09-23T16:46:01.421Z] #51/1708 cmr0r9i230l0ygxu0qp0ydugh OK  -> 1782830524404_v1sc7s97pqh.m4a
[2026-09-23T16:46:10.548Z] #49/1708 cmqz8gckt0hgkgxu0u954wtnf OK  -> 1782738464605_5qqvxwbkt3y.m4a
[2026-09-23T16:46:11.873Z] #55/1708 cmqx5vzgp0bvmgxu0cpetb77g OK  -> 1782613223600_uvdcoxe0u4a.m4a
[2026-09-23T16:46:18.248Z] #54/1708 cmr51q4d10oplgxu0leh40dzk OK  -> 1783089960571_gatbkornodj.m4a
[2026-09-23T16:46:18.546Z] #56/1708 cmqx5vy3j0bvkgxu00qfph1e2 OK  -> 1782613221703_liqnxvdr44c.m4a
[2026-09-23T16:46:28.016Z] #53/1708 cmqz8gao40hgigxu0txneu01m OK  -> 1782738462360_rcgbpj7s786.m4a
[2026-09-23T16:46:30.777Z] #59/1708 cmqx5vwmn0bvigxu06wbn0z5m OK  -> 1782613219933_xgcjp46s35c.m4a
[2026-09-23T16:46:44.780Z] #57/1708 cmqz8g8xq0hgggxu0rfwjrmpx OK  -> 1782738459842_myw9zqhffvc.m4a
[2026-09-23T16:46:48.360Z] #62/1708 cmqx5vv9l0bvggxu0qtwhurmk OK  -> 1782613217946_povfqhdunjm.m4a
[2026-09-23T16:46:53.802Z] #58/1708 cmqz8g6zs0hgegxu0ulikv7hh OK  -> 1782738457062_9055tp2htg1.m4a
[2026-09-23T16:47:02.362Z] #63/1708 cmr0r9gfx0l0wgxu0zxdsgxsh OK  -> 1782830522427_bfrbima4od8.m4a
[2026-09-23T16:47:08.082Z] #64/1708 cmqx5vtqa0bvegxu00o02ln4h OK  -> 1782613215960_u91ja6731d6.m4a
[2026-09-23T16:47:10.322Z] #61/1708 cmqz8g2y90hg8gxu0a2kpvqg8 OK  -> 1782738452070_0l9wfk4e1yz.m4a
[2026-09-23T16:47:10.455Z] #60/1708 cmqz8g4ub0hgagxu0rvlvg0tp OK  -> 1782738454608_cs9vwzysddu.m4a
[2026-09-23T16:47:12.787Z] #66/1708 cmqx5vs6y0bvcgxu0ngl34li0 OK  -> 1782613214098_ssbb38t6j3x.m4a
[2026-09-23T16:47:31.233Z] #65/1708 cmqz8g0zm0hg6gxu04kru7ev2 OK  -> 1782738448743_kmqgs9zwyor.m4a
[2026-09-23T16:47:34.454Z] #71/1708 cmqx5vpcw0bv8gxu09csafq6k OK  -> 1782613210391_aa240zqfcvr.m4a
[2026-09-23T16:47:35.919Z] #68/1708 cmqx5vqrf0bvagxu0axg0u2hn OK  -> 1782613212280_2ljsu2dkvua.m4a
[2026-09-23T16:47:50.412Z] #72/1708 cmqx5vnwg0bv6gxu02r8mbs4i OK  -> 1782613208568_rhph3yrfsa6.m4a
[2026-09-23T16:47:53.417Z] #70/1708 cmqz8fup30hfsgxu0dbscu6km OK  -> 1782738441336_ebuz3mxujte.m4a
[2026-09-23T16:47:56.248Z] #67/1708 cmqz8fyfe0hfwgxu01owvgase OK  -> 1782738446382_yhorchhhe62.m4a
[2026-09-23T16:48:01.320Z] #69/1708 cmqz8fwlc0hfugxu0u5cg1uck OK  -> 1782738443905_q1q825dc9t9.m4a
[2026-09-23T16:48:14.536Z] #76/1708 cmqx5vmhx0bv4gxu0q4u273ax OK  -> 1782613206846_fvf1j9g5v9e.m4a
[2026-09-23T16:48:22.216Z] #78/1708 cmqx5vl5t0bv2gxu0pv8webqz OK  -> 1782613204856_irfc3phlwpi.m4a
[2026-09-23T16:48:23.356Z] #74/1708 cmqz8fqnh0hfogxu0srb4fc05 OK  -> 1782738436167_oj8l4o90636.m4a
[2026-09-23T16:48:25.762Z] #73/1708 cmqz8fspb0hfqgxu0eo4s6adk OK  -> 1782738438673_ubn69ib403p.m4a
[2026-09-23T16:48:31.850Z] #75/1708 cmr0r9exn0l0ugxu0yj8kcuky OK  -> 1782830520447_iaa1kwrj8hx.m4a
[2026-09-23T16:48:33.521Z] #77/1708 cmqz8fops0hfmgxu04r4ktl9j OK  -> 1782738433829_npscdkd7cza.m4a
[2026-09-23T16:48:39.102Z] #79/1708 cmr51q2o00opjgxu0bag2g030 OK  -> 1783089958420_m77fnaym0js.m4a
[2026-09-23T16:48:47.170Z] #82/1708 cmqxqxcou0fczgxu0rb2ysd53 OK  -> 1782648559156_cyrwdh3hbi6.m4a
[2026-09-23T16:48:47.461Z] #80/1708 cmqx5vjmk0bv0gxu0p6nnjw5p OK  -> 1782613202760_vchsd67x5jm.m4a
[2026-09-23T16:48:51.475Z] #84/1708 cmqxqx9mt0fcvgxu0uinximhk OK  -> 1782648555260_ddog25me3jn.m4a
[2026-09-23T16:48:57.225Z] #85/1708 cmqxqx86m0fctgxu06q30tp4g OK  -> 1782648553419_dpmxhigojq8.m4a
[2026-09-23T16:48:57.359Z] #83/1708 cmqxqxb6s0fcxgxu06vhz3kyn OK  -> 1782648557133_6yvxb7z9pzy.m4a
[2026-09-23T16:49:05.477Z] #87/1708 cmqxqx5an0fcpgxu0wlvmxrcd OK  -> 1782648549559_ujirahyxxli.m4a
[2026-09-23T16:49:12.924Z] #81/1708 cmqz8fmwx0hfkgxu06ec9cv7k OK  -> 1782738431373_45cmnan0sq7.m4a
[2026-09-23T16:49:12.925Z] #86/1708 cmqxqx6r90fcrgxu0cfn4yt9s OK  -> 1782648551521_azgn4ll2wa3.m4a
[2026-09-23T16:49:13.103Z] #88/1708 cmqxqx3s90fcngxu0mqcxptq9 OK  -> 1782648547576_ryxf26tjhup.m4a
[2026-09-23T16:49:16.821Z] #90/1708 cmqxqx0re0fcjgxu0cyayw659 OK  -> 1782648543853_4u7uzal90uw.m4a
[2026-09-23T16:49:19.666Z] #89/1708 cmqxqx2940fclgxu01rt6hkqd OK  -> 1782648545644_2ljeqx42uyv.m4a
[2026-09-23T16:49:30.226Z] #91/1708 cmr54m2ka0p83gxu09n7ddck7 OK  -> 1783094810609_yfqlkm968ys.m4a
[2026-09-23T16:49:36.854Z] #94/1708 cmqxqwwb90fc9gxu0ciyndggk OK  -> 1782648538040_o608u8hhass.m4a
[2026-09-23T16:49:37.060Z] #95/1708 cmqxqwuwd0fc7gxu0s61uotwx OK  -> 1782648536080_x2tqqbenqfz.m4a
[2026-09-23T16:49:37.219Z] #93/1708 cmqxqwxuk0fcbgxu0xx5i58a4 OK  -> 1782648539882_dy66qdp391b.m4a
[2026-09-23T16:49:38.164Z] #92/1708 cmqxqwzdt0fchgxu0xsz71lkd OK  -> 1782648541866_6l8gnqf1iye.m4a
[2026-09-23T16:49:43.012Z] #96/1708 cmqxqwtdt0fc5gxu0sbq89ptx OK  -> 1782648534121_c2f2j8d2m73.m4a
[2026-09-23T16:49:50.431Z] #97/1708 cmqxqwrvd0fc1gxu0pe7g401t OK  -> 1782648532306_x9opmfgjudh.m4a
[2026-09-23T16:49:57.567Z] #98/1708 cmqxqwqgy0fbtgxu0hoipvotr OK  -> 1782648530537_5msn2ncn409.m4a
[2026-09-23T16:50:01.010Z] #99/1708 cmqxqwp3r0fbrgxu0qy6o7z3y OK  -> 1782648528454_9k7ln4nwitm.m4a
[2026-09-23T16:50:01.190Z] #100/1708 cmqxqwnht0fbpgxu0vaz01wn1 OK  -> 1782648526578_fhi2h5hy9w8.m4a
[2026-09-23T16:50:01.807Z] #101/1708 cmqxqwm1v0fbngxu0mrb7k6fz OK  -> 1782648524698_8lnyucxbj35.m4a
[2026-09-23T16:50:10.151Z] #103/1708 cmqxqwklg0fblgxu0z1twhioy OK  -> 1782648522842_ex5fio1uve5.m4a
[2026-09-23T16:50:10.474Z] #102/1708 cmr54m0zy0p81gxu08euu3xmi OK  -> 1783094808581_5b6cnaid6t9.m4a
[2026-09-23T16:50:17.125Z] #106/1708 cmnos5g0709hxgxvrk4ds9qhq OK  -> 1775576073864_b0hpy7wts1t.m4a
[2026-09-23T16:50:20.398Z] #104/1708 cmqxqwj5s0fbjgxu0om7vhubp OK  -> 1782648520923_kf5e8mxy02z.m4a
[2026-09-23T16:50:24.241Z] #105/1708 cmr5zuisa0qpagxu0e22owila OK  -> 1783147270560_6dnsyhfz5bs.m4a
[2026-09-23T16:50:24.469Z] #108/1708 cmnos5ekz09hvgxvrzxzfnknr OK  -> 1775576072005_46q08hew624.m4a
[2026-09-23T16:50:30.765Z] #110/1708 cmnos5bhd09hrgxvrm6r98yfl OK  -> 1775576068053_3x90t7cw21d.m4a
[2026-09-23T16:50:38.620Z] #111/1708 cmnos5a4a09hpgxvryayi5ken OK  -> 1775576066175_03plpdu57yx.m4a
[2026-09-23T16:50:41.904Z] #112/1708 cmnos58nt09hngxvrcqriypxm OK  -> 1775576064398_qsm4wlclo2b.m4a
[2026-09-23T16:50:42.913Z] #107/1708 cmr5zufcu0qp8gxu0vtv8le5r OK  -> 1783147268181_yw5iyk3og3a.m4a
[2026-09-23T16:50:43.047Z] #114/1708 cmnos55vi09hjgxvribtyn42s OK  -> 1775576060788_dcl2l39n3ke.m4a
[2026-09-23T16:50:43.522Z] #113/1708 cmnos57an09hlgxvrgful7sdy OK  -> 1775576062571_azxnwrtnz0e.m4a
[2026-09-23T16:50:44.157Z] #109/1708 cmnos5d5f09htgxvrtdwudt12 OK  -> 1775576069846_y7fqmraiy9o.m4a
[2026-09-23T16:50:57.451Z] #117/1708 cmnos51kq09hbgxvrtn2szzjm OK  -> 1775576054978_8mykrkmjure.m4a
[2026-09-23T16:50:58.633Z] #116/1708 cmnos52zb09hdgxvrdnaqk0bi OK  -> 1775576057010_qk8xtvrz7dd.m4a
[2026-09-23T16:50:59.632Z] #120/1708 cmmnd9zui05c3gxsfpo7treus OK  -> 1773313843312_ds68drufs3c.m4a
[2026-09-23T16:51:03.308Z] #121/1708 cmn1d35z303z7gxsstd5k7kpd OK  -> 1774160051557_r0dks3a78rs.m4a
[2026-09-23T16:51:07.583Z] #119/1708 cmr5zubyh0qoygxu0xq1aevxf OK  -> 1783147264250_honq3ou84m8.m4a
[2026-09-23T16:51:07.696Z] #118/1708 cmr5zudiy0qp2gxu0vjtk6p2i OK  -> 1783147266160_76vbuybkc0z.m4a
[2026-09-23T16:51:11.768Z] #122/1708 cmmm9512m00cjgxsfumx2mben OK  -> 1773246426904_75e2rynv384.m4a
[2026-09-23T16:51:12.115Z] #115/1708 cmnos54hz09hfgxvrh83yrdbu OK  -> 1775576058811_rcoba9nn47c.m4a
[2026-09-23T16:51:13.852Z] #124/1708 cmmnd9yc505c1gxsfluw7xsfj OK  -> 1773313841318_4npfcl5peg8.m4a
[2026-09-23T16:51:13.935Z] #125/1708 cmn1d34sa03z5gxssbhw0vmtf OK  -> 1774160049998_6zeb1ld6k38.m4a
[2026-09-23T16:51:16.963Z] #123/1708 cmmt3zlji0031gxzzw1f51v19 OK  -> 1773661038658_iwgiqy92slk.m4a
[2026-09-23T16:51:21.089Z] #130/1708 cmn1d33k003z3gxssoki0iilp OK  -> 1774160048241_d0eyvxtchj9.m4a
[2026-09-23T16:51:22.177Z] #126/1708 cmmamo9gc0izygxn8269sxw36 OK  -> 1772543564841_dkxvxbupkri.m4a
[2026-09-23T16:51:23.876Z] #127/1708 cmmg0ey3n0ygugxn8891cmgfn OK  -> 1772868976166_plmnszjaz92.m4a
[2026-09-23T16:51:33.267Z] #131/1708 cmmnd9wss05bzgxsfwwg0gma2 OK  -> 1773313839279_deoebzgqqpk.m4a
[2026-09-23T16:51:33.416Z] #129/1708 cmmamo7n30izwgxn8jexeprqs OK  -> 1772543562439_80rqjnrrxj3.m4a
[2026-09-23T16:51:35.803Z] #132/1708 cmmg0ewmx0ygsgxn85lxq0m0a OK  -> 1772868974173_eq07i6wxneq.m4a
[2026-09-23T16:51:35.932Z] #134/1708 cmmnd9v8c05bxgxsft04a438m OK  -> 1773313837190_6ckvjfcqyjc.m4a
[2026-09-23T16:51:36.819Z] #133/1708 cmm9b7j2a0fiygxn8uo1356gj OK  -> 1772463842490_ze6slqz1p85.m4a
[2026-09-23T16:51:40.771Z] #136/1708 cmn1d327b03z1gxsse2z4axzs OK  -> 1774160046578_0kglltcnose.m4a
[2026-09-23T16:51:42.681Z] #128/1708 cmr5zuaho0qowgxu0gl5snm41 OK  -> 1783147262359_8dorubha2rf.m4a
[2026-09-23T16:51:47.759Z] #141/1708 cmn1d30xr03yzgxssrnoie8vk OK  -> 1774160044901_wlrst2le90u.m4a
[2026-09-23T16:51:49.070Z] #137/1708 cmm9b7hhr0fiwgxn83er4ndcd OK  -> 1772463840384_4aqbl0o3j8m.m4a
[2026-09-23T16:51:50.346Z] #138/1708 cmmg0ev3b0ygqgxn8lwrv48k5 OK  -> 1772868972243_ix4z3fqv5w8.m4a
[2026-09-23T16:51:53.814Z] #139/1708 cmr5zu90x0qougxu0auzc1qcy OK  -> 1783147260420_y2ojr4f7qpk.m4a
[2026-09-23T16:51:56.197Z] #140/1708 cmm9b7fv60fiugxn8hyfnrh4i OK  -> 1772463838468_k3kv51wvtsu.m4a
[2026-09-23T16:52:00.191Z] #135/1708 cmmamo5sm0izugxn8azz8lh29 OK  -> 1772543560029_zpzharwm1en.m4a
[2026-09-23T16:52:01.004Z] #142/1708 cmmnd9tm405bvgxsfiqlfwg8n OK  -> 1773313835235_buq1nrcms7z.m4a
[2026-09-23T16:52:06.761Z] #148/1708 cml3uwba105djgxaudaa0yaw2 OK  -> 1769957237691_jrd8lrzgpr.m4a
[2026-09-23T16:52:06.761Z] #144/1708 cmmg0etlw0ygogxn8uy1vpikh OK  -> 1772868970228_zedvp7w3x2c.m4a
[2026-09-23T16:52:06.804Z] #145/1708 cmm9b7ee10fisgxn8apfc6r1c OK  -> 1772463836555_05l0o6kezvk.m4a
[2026-09-23T16:52:06.815Z] #147/1708 cmn1d2zmg03yxgxssyycaqmz3 OK  -> 1774160043165_4r79r7ww9bf.m4a
[2026-09-23T16:52:06.926Z] #143/1708 cmmamo3y00izsgxn8gq6zkpe3 OK  -> 1772543558024_d41nhkuz7he.m4a
[2026-09-23T16:52:10.316Z] #146/1708 cmmnd9s3i05btgxsf8n5ba3ft OK  -> 1773313833179_jij10mwgni2.m4a
[2026-09-23T16:52:11.120Z] #149/1708 cml3ve49t05h1gxaupf10hodi OK  -> 1769958065911_i5di85d3co.m4a
[2026-09-23T16:52:13.053Z] #151/1708 cml3uzehi05dvgxauqq2lntc5 OK  -> 1769957361417_623nqiw2er.m4a
[2026-09-23T16:52:13.158Z] #152/1708 cml2ggant04y3gxaumt0s9fnj OK  -> 1769872481785_til25pn5hc.m4a
[2026-09-23T16:52:15.054Z] #153/1708 cml21oy5304khgxauodcyru2a OK  -> 1769847655948_huvp0s3xc6g.m4a
[2026-09-23T16:52:16.013Z] #150/1708 cml3vbqga05grgxaub6sywl2c OK  -> 1769957960031_f7peint5i5j.m4a
[2026-09-23T16:52:16.285Z] #154/1708 cml21rgym04kngxau67klkjnn OK  -> 1769847836799_i44l0touny.m4a
[2026-09-23T16:52:18.516Z] #158/1708 cmn1d2yb503yvgxss532mvjh4 OK  -> 1774160041605_hne1oq9zxzp.m4a
[2026-09-23T16:52:21.167Z] #161/1708 cmkmi6fow00wzdyzgwmzmsrt2 OK  -> 1768907970621_3vee6lovpbp.m4a
[2026-09-23T16:52:21.302Z] #160/1708 cmkmqpcmg01u3dyzgw4dd91cb OK  -> 1768922227728_mrfph7t018.m4a
[2026-09-23T16:52:26.321Z] #163/1708 cmkmi293e00wddyzgbz6bkwrj OK  -> 1768907774841_w8q3fq7a55.m4a
[2026-09-23T16:52:26.324Z] #155/1708 cmmg0es190ygmgxn8ltbb2bhr OK  -> 1772868968207_28l7sue5b9l.m4a
[2026-09-23T16:52:26.332Z] #157/1708 cmmnd9qio05brgxsfs6hopkjr OK  -> 1773313830781_qg2r8mur2z1.m4a
[2026-09-23T16:52:26.476Z] #156/1708 cmm9b7cum0fiogxn8p57e8hwz OK  -> 1772463834227_8mwlz03zjf2.m4a
[2026-09-23T16:52:27.856Z] #162/1708 cmkmi873j00x9dyzgqk8u3qwn OK  -> 1768908074985_h2twu9dskv.m4a
[2026-09-23T16:52:30.888Z] #159/1708 cmmg0eqi00ygkgxn8phzw9m2m OK  -> 1772868966268_pnhy3ie9spv.m4a
[2026-09-23T16:52:30.940Z] #165/1708 cmkmhwzzt00vjdyzg688z5x44 OK  -> 1768907523490_qclh9nwr5j.m4a
[2026-09-23T16:52:31.023Z] #166/1708 cmkmgj8uj00n1dyzgxc07gb5u OK  -> 1768905216994_71p49sdlpcw.m4a
[2026-09-23T16:52:31.235Z] #167/1708 cmkmgexmx00mddyzgnyrjk68d OK  -> 1768905020113_g8nikfk94bt.m4a
[2026-09-23T16:52:32.368Z] #164/1708 cmkmhzlem00w1dyzgddlmkzra OK  -> 1768907656872_scarfd9dgwm.m4a
[2026-09-23T16:52:32.561Z] #168/1708 cmkmqvc0n01uxdyzgdmgbjtdb OK  -> 1768922537881_dctnxyfit6f.m4a
[2026-09-23T16:52:34.734Z] #169/1708 cmkmf9r8w00i1dyzg2mi0c76b OK  -> 1768903014116_2behmywmdzu.m4a
[2026-09-23T16:52:34.875Z] #172/1708 cmkmff12h00indyzgywl4mxuu OK  -> 1768903302220_rbi1t7qawbj.m4a
[2026-09-23T16:52:35.482Z] #170/1708 cmkmggurd00mndyzgn80cpoxc OK  -> 1768905113895_6blouhnisa.m4a
[2026-09-23T16:52:35.852Z] #171/1708 cmkmhuerk00v5dyzg55swcyb2 OK  -> 1768907267014_0y88b90iao6q.m4a
[2026-09-23T16:52:36.973Z] #174/1708 cmkmdgpf200ajdyzgzdi30nya OK  -> 1768900009242_xybjcql6fs.m4a
[2026-09-23T16:52:37.073Z] #173/1708 cmkmf43c000h9dyzgcompnzuj OK  -> 1768902813469_56fq62nozq4.m4a
[2026-09-23T16:52:38.417Z] #176/1708 cmkmi45k700wldyzg8nzls5uq OK  -> 1768907891931_fhswhjqhhh4.m4a
[2026-09-23T16:52:40.413Z] #177/1708 cmkmeibb900endyzg4yswaszv OK  -> 1768901780593_p2yqc9juyfk.m4a
[2026-09-23T16:52:40.524Z] #178/1708 cmkmga2zl00lndyzg1uxazjfg OK  -> 1768904737711_yfxzspecg3.m4a
[2026-09-23T16:52:40.844Z] #180/1708 cmkmhouzv00uhdyzg4xksjmei OK  -> 1768907150669_vq6fapewf8g.m4a
[2026-09-23T16:52:41.519Z] #175/1708 cmkmqa47m01s5dyzgzi1o2neb OK  -> 1768921479464_ikwccj859bd.m4a
[2026-09-23T16:52:42.370Z] #179/1708 cmkmgcl3b00lzdyzgbvxvgke3 OK  -> 1768904886824_i8j4hzdcb8b.m4a
[2026-09-23T16:52:43.562Z] #181/1708 cmkmia1ih00xldyzg3125ypqa OK  -> 1768908156001_g9rufusejib.m4a
[2026-09-23T16:52:44.093Z] #182/1708 cmkmibyrd00xvdyzgq8s6qmbu OK  -> 1768908245957_h47yurobehl.m4a
[2026-09-23T16:52:45.697Z] #184/1708 cmn1d2x3s03ytgxssgp2713s8 OK  -> 1774160040009_7o556rn18kn.m4a
[2026-09-23T16:52:50.445Z] #189/1708 cmn1d2vuj03yrgxss9gacqbst OK  -> 1774160038326_eybghcypyfp.m4a
[2026-09-23T16:52:53.857Z] #187/1708 cmr5zu7j30qosgxu025qacf7w OK  -> 1783147258396_nfn6cz1sx0n.m4a
[2026-09-23T16:52:53.997Z] #183/1708 cmm9b7b470fimgxn84ldo8fqu OK  -> 1772463832056_hw0easprdz4.m4a
[2026-09-23T16:52:54.076Z] #190/1708 cmk5j94sy01cmgxkapu90228g OK  -> 1767881887336_jhz8dyxtlp.m4a
[2026-09-23T16:52:57.903Z] #186/1708 cmmg0ep050ygigxn8qavzquc9 OK  -> 1772868964267_udq0o26zqpi.m4a
[2026-09-23T16:52:57.963Z] #188/1708 cmm9b79fy0fikgxn8fseafsg6 OK  -> 1772463830100_oukxydzwlw9.m4a
[2026-09-23T16:52:58.072Z] #192/1708 cmk5jcjw101dagxkazig26tuc OK  -> 1767882035933_z44pl1py77h.m4a
[2026-09-23T16:52:59.980Z] #191/1708 cmk5j2inl01bggxka8b2d1t99 OK  -> 1767881403860_olcxu9jxn1r.m4a
[2026-09-23T16:53:00.137Z] #193/1708 cmk5jf2n201dsgxka8gtt3nlv OK  -> 1767882160505_mntme5lyqb.m4a
[2026-09-23T16:53:01.114Z] #185/1708 cmmnd9onl05bpgxsfm1y9mfbh OK  -> 1773313828420_gzo7e39l8qm.m4a
[2026-09-23T16:53:02.057Z] #194/1708 cmk5j5kp301bygxka1cdxz8wn OK  -> 1767881685431_6qweila52ds.m4a
[2026-09-23T16:53:05.058Z] #198/1708 cmn1d2ukc03ypgxss62n6ppeg OK  -> 1774160036743_ayiyfmlg0gt.m4a
[2026-09-23T16:53:13.889Z] #195/1708 cmmg0enfp0ygggxn8q8djesxv OK  -> 1772868960471_zvor6estq07.m4a
[2026-09-23T16:53:14.072Z] #197/1708 cmm9b77x50fiigxn8wsvb379a OK  -> 1772463828127_o3csr6xqahf.m4a
[2026-09-23T16:53:19.351Z] #202/1708 cmn1a71y30373gxssgx3dq1m8 OK  -> 1774155194054_qljz2fri2n7.m4a
[2026-09-23T16:53:19.701Z] #201/1708 cmm9b76eo0fiegxn8e0zszsu9 OK  -> 1772463826227_mgk7bu2kbv0.m4a
[2026-09-23T16:53:24.584Z] #204/1708 cmn1a70oo0371gxsshelmlvx8 OK  -> 1774155192472_w6pbw971vtt.m4a
[2026-09-23T16:53:29.155Z] #203/1708 cmm9b74xv0ficgxn8u1nw7xbk OK  -> 1772463824284_6xubu042lfv.m4a
[2026-09-23T16:53:29.283Z] #206/1708 cmn1a6zh1036zgxsstar8ps8y OK  -> 1774155190907_8zowkl6hqgh.m4a
[2026-09-23T16:53:32.613Z] #205/1708 cmm9b73fy0fi8gxn8wy6zmyd3 OK  -> 1772463822411_382ulidebbf.m4a
[2026-09-23T16:53:33.737Z] #208/1708 cmn1a6y9a036xgxssg96ivzqf OK  -> 1774155189392_3izpkooonc3.m4a
[2026-09-23T16:53:39.662Z] #207/1708 cmm9b71zy0fi6gxn8v03zh539 OK  -> 1772463820604_y6ksnaoi84w.m4a
[2026-09-23T16:53:43.408Z] #200/1708 cmjzvdnzg048ugxlo0xnr91pf OK  -> 1767539251453_qp9rngbnamk.m4a
[2026-09-23T16:53:45.658Z] #211/1708 cmn1a6x3a036vgxssqgwg1zso OK  -> 1774155187815_t16zi9b4558.m4a
[2026-09-23T16:53:47.446Z] #199/1708 cmk2n0dyy0015dykompku6b2y OK  -> 1767706720879_mmgjhgk6x7q.m4a
[2026-09-23T16:53:48.017Z] #209/1708 cmm9b70l20fi4gxn8oaoeahov OK  -> 1772463818549_yjpqx1t1x6e.m4a
[2026-09-23T16:53:51.379Z] #210/1708 cmmc33lcs0nw5gxn84jik1iwe OK  -> 1772631620013_z07tvaz9bcc.m4a
[2026-09-23T16:53:53.840Z] #214/1708 cmn1a6vvb036tgxssqswfjc57 OK  -> 1774155186253_ngb2mhs44zk.m4a
[2026-09-23T16:53:56.253Z] #196/1708 cmljkzepz002rdy6wpawnllpw OK  -> 1770907848531_wqvpvck7yu.m4a
[2026-09-23T16:53:58.263Z] #217/1708 cmn1a6uoa036rgxssu4yzkdtq OK  -> 1774155184616_mq7z7trh8po.m4a
[2026-09-23T16:54:00.079Z] #212/1708 cmm9b6z0l0fi2gxn8q8ysok42 OK  -> 1772463816550_2c9eas6l4fz.m4a
[2026-09-23T16:54:02.627Z] #219/1708 cmn1a6tep036pgxssqlfp5qkf OK  -> 1774155182937_anq91b5wdrt.m4a
[2026-09-23T16:54:06.627Z] #215/1708 cmm9b6xh80fi0gxn815632rzi OK  -> 1772463814384_3rwbvty66w9.m4a
[2026-09-23T16:54:06.838Z] #213/1708 cmmc33jed0nw3gxn8jtn86m9e OK  -> 1772631617543_wh0prvwy86j.m4a
[2026-09-23T16:54:06.934Z] #216/1708 cmmc33hii0nvzgxn8ozj975n2 OK  -> 1772631615594_nl0i3vc7ub3.m4a
[2026-09-23T16:54:09.140Z] #218/1708 cmm9b6vt40fhygxn83yennpel OK  -> 1772463812465_1dsxmay8250.m4a
[2026-09-23T16:54:12.058Z] #223/1708 cmn1a6s3n036ngxssz24a94y4 OK  -> 1774155181390_27ik96ggecj.m4a
[2026-09-23T16:54:15.607Z] #225/1708 cmn1a6qx3036lgxss3byoe153 OK  -> 1774155179834_u2k5hlsskd8.m4a
[2026-09-23T16:54:15.662Z] #221/1708 cmm9b6ubn0fhwgxn81zrovrjv OK  -> 1772463810478_2qaf4v9sov4.m4a
[2026-09-23T16:54:15.841Z] #220/1708 cmmc33g0y0nvxgxn8xeolveus OK  -> 1772631613475_il6hsj3u5i7.m4a
[2026-09-23T16:54:20.116Z] #229/1708 cmn1a6ppe036jgxsshvl4b66d OK  -> 1774155178305_r693qmj4086.m4a
[2026-09-23T16:54:23.097Z] #224/1708 cmm9b6ss40fhugxn8vr0hj6vq OK  -> 1772463808236_qju1cv4zhn0.m4a
[2026-09-23T16:54:24.442Z] #222/1708 cmmc33ee40nvvgxn8ii4kd0yo OK  -> 1772631611248_942h3mo7b9t.m4a
[2026-09-23T16:54:28.264Z] #231/1708 cmn1a6oji036hgxss0kxger0t OK  -> 1774155176781_uxasjgwasp4.m4a
[2026-09-23T16:54:28.266Z] #226/1708 cmmc33cof0nvtgxn8gro3zkms OK  -> 1772631609104_9bphaitt3o3.m4a
[2026-09-23T16:54:30.185Z] #227/1708 cmm9b6r290fhsgxn8xbnn6kw0 OK  -> 1772463805719_uvyqhrnb1iy.m4a
[2026-09-23T16:54:33.138Z] #234/1708 cmn1a6ncl036fgxssdwnxdiyi OK  -> 1774155175118_8ys3m5ic1xf.m4a
[2026-09-23T16:54:33.217Z] #235/1708 cmmc337cu0nvngxn88la61x6h OK  -> 1772631601854_we3wkyyhqsv.m4a
[2026-09-23T16:54:33.456Z] #228/1708 cmmc33b0v0nvrgxn8d0xsd9pq OK  -> 1772631606997_9n3qpho8yc8.m4a
[2026-09-23T16:54:36.467Z] #230/1708 cmm9b6p2z0fhogxn8w8rrue9z OK  -> 1772463803199_0nxgoqvvdmo.m4a
[2026-09-23T16:54:38.383Z] #237/1708 cmn1a6m2y036dgxssnuoq8ln9 OK  -> 1774155173529_c8ewetf9aqf.m4a
[2026-09-23T16:54:41.389Z] #239/1708 cmn1a6kuf036bgxss5u9fyh28 OK  -> 1774155171940_uini7f3dngw.m4a
[2026-09-23T16:54:41.621Z] #233/1708 cmm9b6n6d0fhkgxn850zgcrde OK  -> 1772463801275_i2fyiy6qofj.m4a
[2026-09-23T16:54:43.929Z] #232/1708 cmmc339ej0nvpgxn8a379pvyk OK  -> 1772631604382_3j6ghglbbur.m4a
[2026-09-23T16:54:45.746Z] #241/1708 cmn1a6jmb0369gxssu5slp2yh OK  -> 1774155170368_jlf5v4fdx4c.m4a
[2026-09-23T16:54:48.209Z] #243/1708 cmn1a6ieu0367gxss0ibubmlk OK  -> 1774155168852_avbj0etm8uf.m4a
[2026-09-23T16:54:49.200Z] #238/1708 cmm9b6k1l0fhggxn83anwsw6v OK  -> 1772463796522_2o0fiwy9hdo.m4a
[2026-09-23T16:54:49.555Z] #236/1708 cmm9b6lnu0fhigxn848t5rbf1 OK  -> 1772463799141_v8mry4xqpor.m4a
[2026-09-23T16:54:50.987Z] #240/1708 cmm9b6i0r0fhegxn8u9ry5gr5 OK  -> 1772463794523_77a3ym9451g.m4a
[2026-09-23T16:54:52.713Z] #245/1708 cmn1a6h8e0365gxss33rr95us OK  -> 1774155166767_r3tngmqeymx.m4a
[2026-09-23T16:54:54.933Z] #247/1708 cmn1a6fmm0363gxssqa0pxrny OK  -> 1774155165175_27k83gi55qu.m4a
[2026-09-23T16:54:55.122Z] #242/1708 cmm9b6ggw0fhcgxn8omhrlcku OK  -> 1772463792537_ozvwr7obyqw.m4a
[2026-09-23T16:54:56.056Z] #248/1708 cmn1a6eeq0361gxsshq1qez76 OK  -> 1774155163563_xgnrsmeocg7.m4a
[2026-09-23T16:54:57.979Z] #249/1708 cmn1a6d5t035zgxssxd1flb15 OK  -> 1774155161796_gztvalwj4op.m4a
[2026-09-23T16:54:59.198Z] #244/1708 cmm9b6ex90fhagxn82bwlluqv OK  -> 1772463790147_f7fq1z3mvx3.m4a
[2026-09-23T16:54:59.937Z] #251/1708 cmn1a6ae1035vgxssw6eayh0d OK  -> 1774155158365_shuhy7mi8ru.m4a
[2026-09-23T16:55:00.682Z] #246/1708 cmm9b6d2v0fh8gxn8g5bikr5u OK  -> 1772463787337_m6wnibm8gv0.m4a
[2026-09-23T16:55:00.693Z] #252/1708 cmn1a695e035tgxsswij02qf0 OK  -> 1774155156836_e4j8jaeo87s.m4a
[2026-09-23T16:55:00.907Z] #250/1708 cmn1a6bsr035xgxssai7ytu2f OK  -> 1774155159990_5zqjm0jemq2.m4a
[2026-09-23T16:55:02.798Z] #253/1708 cmn1a67yv035rgxsse9g5ghhm OK  -> 1774155155202_pg4sdumtbil.m4a
[2026-09-23T16:55:04.918Z] #254/1708 cmn1a644f035lgxssqbd223ir OK  -> 1774155150190_3yq9x5b20rj.m4a
[2026-09-23T16:55:05.068Z] #257/1708 cmn1a62ud035jgxssd3qqa6lp OK  -> 1774155148662_ncid1oa0nka.m4a
[2026-09-23T16:55:06.111Z] #255/1708 cmn1a65ej035ngxssogj047s8 OK  -> 1774155151860_wawakfw92n3.m4a
[2026-09-23T16:55:06.208Z] #256/1708 cmn1a66pl035pgxss96q4yenb OK  -> 1774155153516_1855b7vi3dv.m4a
[2026-09-23T16:55:07.622Z] #259/1708 cmn1a61nz035fgxsssghx0byz OK  -> 1774155147107_vl1kkj5b8x3.m4a
[2026-09-23T16:55:09.673Z] #261/1708 cmn1a60h3035dgxssow2sslzt OK  -> 1774155145491_d5wyjvvmmhx.m4a
[2026-09-23T16:55:11.329Z] #263/1708 cmn1a5z7r035bgxss4vaj8xlj OK  -> 1774155143846_bumk6012o5u.m4a
[2026-09-23T16:55:12.542Z] #258/1708 cmmamo2e70izqgxn8gwe4pbn3 OK  -> 1772543556086_7bjsgg6dcir.m4a
[2026-09-23T16:55:14.859Z] #265/1708 cmn1a5xy20359gxssb68eg4ul OK  -> 1774155142223_4jgsp3uhj4h.m4a
[2026-09-23T16:55:16.947Z] #266/1708 cmn1a5wpb0357gxss4f5bk2tx OK  -> 1774155140544_1njjz8ut1ra.m4a
[2026-09-23T16:55:19.428Z] #260/1708 cmmamo0we0izogxn8aaq578um OK  -> 1772543554132_3l2x0fpsqtp.m4a
[2026-09-23T16:55:22.228Z] #262/1708 cmmamnzdw0izmgxn863ab0irg OK  -> 1772543552083_vkedecbm1qd.m4a
[2026-09-23T16:55:22.317Z] #264/1708 cmmamnxt90izkgxn8n7oi5rzu OK  -> 1772543550135_ilo303ikdak.m4a
[2026-09-23T16:55:22.414Z] #269/1708 cmn1a5vel0355gxssh7ut52m1 OK  -> 1774155138984_8ulgcak9fcw.m4a
[2026-09-23T16:55:26.163Z] #271/1708 cmn1a5u6y0353gxssffwzbokb OK  -> 1774155137450_55dw3tv0wg3.m4a
[2026-09-23T16:55:27.630Z] #273/1708 cmn1a5t080351gxss18om9zh9 OK  -> 1774155135789_4c5gul4wodt.m4a
[2026-09-23T16:55:30.556Z] #267/1708 cmmamnwav0izigxn8hhq4vo9p OK  -> 1772543548090_ejimg1zwgon.m4a
[2026-09-23T16:55:30.648Z] #268/1708 cmmamnuq80izggxn8v7bhrc7k OK  -> 1772543545999_axuxk4pvn09.m4a
[2026-09-23T16:55:31.762Z] #274/1708 cmn1a5rqd034zgxssk3mrftgy OK  -> 1774155134146_9z2dkh107l5.m4a
[2026-09-23T16:55:34.592Z] #270/1708 cmmamnt400izcgxn84b8z0nwo OK  -> 1772543544035_i68nwgemuvd.m4a
[2026-09-23T16:55:36.418Z] #276/1708 cmn1a5qgv034xgxssbi92mgo3 OK  -> 1774155132394_r7yfhr8y2gz.m4a
[2026-09-23T16:55:36.714Z] #272/1708 cmmamnrln0izagxn8u4t3srf5 OK  -> 1772543542133_9g2c1psuhjy.m4a
[2026-09-23T16:55:37.387Z] #278/1708 cmn1a5p44034vgxssiof0g9k8 OK  -> 1774155130644_9rp7py9wqrt.m4a
[2026-09-23T16:55:39.079Z] #275/1708 cmmamnq4j0iz8gxn8wyhdqef6 OK  -> 1772543540282_u2aljc53nzz.m4a
[2026-09-23T16:55:39.211Z] #279/1708 cmn1a5nr7034tgxss44vbh7yo OK  -> 1774155129106_5qq0uu7p3dc.m4a
[2026-09-23T16:55:40.444Z] #280/1708 cmn1a5ml3034rgxssu2h7o45p OK  -> 1774155127565_8zeh9web8hi.m4a
[2026-09-23T16:55:42.965Z] #281/1708 cmo0alc430b3xgxp8ht4l3n89 OK  -> 1776272176578_aluaf0nv42g.m4a
[2026-09-23T16:55:44.647Z] #282/1708 cmo8htu2r07mwgxqzy8yi9zt3 OK  -> 1776768059747_ulgyhq6c0ni.m4a
[2026-09-23T16:55:44.693Z] #277/1708 cmmamnop40iz4gxn8sb985uf1 OK  -> 1772543538412_ycg89sk8fee.m4a
[2026-09-23T16:55:44.847Z] #283/1708 cmo8htssl07msgxqzr6cavj13 OK  -> 1776768058160_p3ogfswux3i.m4a
[2026-09-23T16:55:47.193Z] #285/1708 cmprtfs7r062ygx2vi3jsxi7z OK  -> 1780113199325_zpn891muzk7.m4a
[2026-09-23T16:55:48.540Z] #284/1708 cmo4122n90338gxgw985bwjbm OK  -> 1776498026027_m448crkhgph.m4a
[2026-09-23T16:55:50.841Z] #287/1708 cmo8htrkr07mqgxqzk65pc0rc OK  -> 1776768056614_uaumajmb6kw.m4a
[2026-09-23T16:55:52.601Z] #290/1708 cmn1a5ldx034pgxsse1nyswdk OK  -> 1774155125917_w5vqom2l7x5.m4a
[2026-09-23T16:55:52.607Z] #288/1708 cmo564kxc07t5gxgwbalr4mcw OK  -> 1776567007304_wwd06ma7i2w.m4a
[2026-09-23T16:55:52.731Z] #289/1708 cmo0al9kv0b3tgxp8bduxxxj4 OK  -> 1776272173258_yr6vqath2r0.m4a
[2026-09-23T16:55:55.461Z] #286/1708 cmo0alavt0b3vgxp8csrjq737 OK  -> 1776272174892_tiw61gk70rk.m4a
[2026-09-23T16:55:56.910Z] #291/1708 cmo0al6ze0b3pgxp8sb3opz2y OK  -> 1776272169851_nmt6kzylpd7.m4a
[2026-09-23T16:55:58.563Z] #292/1708 cmo8htqdr07mogxqz1wk5mjcw OK  -> 1776768055011_8kob0z12lvf.m4a
[2026-09-23T16:55:59.729Z] #293/1708 cmo0al8b90b3rgxp86i5nv732 OK  -> 1776272171538_ju5cnnexc7q.m4a
[2026-09-23T16:56:00.964Z] #294/1708 cmprtfqzx062wgx2vqbay6jm9 OK  -> 1780113197730_i9p3hehxp4l.m4a
[2026-09-23T16:56:01.077Z] #295/1708 cmo0al5o40b3ngxp8papjrpfi OK  -> 1776272168167_o1hqgjz1qvh.m4a
[2026-09-23T16:56:03.386Z] #297/1708 cmo8htp4z07mmgxqz6jsxnm6f OK  -> 1776768053439_beydnqhddq1.m4a
[2026-09-23T16:56:05.077Z] #296/1708 cmo0al33t0b3jgxp8y5096z87 OK  -> 1776272164831_3gq2lpcozsh.m4a
[2026-09-23T16:56:06.192Z] #298/1708 cmprtfpri062ugx2vu6ndw2rx OK  -> 1780113196167_igojolssb6q.m4a
[2026-09-23T16:56:08.468Z] #299/1708 cmo0al4ec0b3lgxp8le9suhds OK  -> 1776272166501_dw562keuge8.m4a
[2026-09-23T16:56:11.698Z] #301/1708 cmo8htnxq07mkgxqz9cy208lr OK  -> 1776768051784_v84e5npbq9d.m4a
[2026-09-23T16:56:11.777Z] #300/1708 cmo564jql07t3gxgwvog93pfi OK  -> 1776567005722_qbmn7y2dyi8.m4a
[2026-09-23T16:56:11.898Z] #302/1708 cmo0akzc80b3dgxp8oitfk4vv OK  -> 1776272159981_c0uc7pdtzy6.m4a
[2026-09-23T16:56:13.360Z] #303/1708 cmo564ii707t1gxgwcn6tdgvu OK  -> 1776567004195_8drvy13utsx.m4a
[2026-09-23T16:56:13.443Z] #304/1708 cmo0al0ka0b3fgxp8cvwoyfgt OK  -> 1776272161615_5uw62p58qsl.m4a
[2026-09-23T16:56:16.691Z] #307/1708 cmn1a5k3v034ngxss8jmj5d3i OK  -> 1774155124309_kpk990qhe50.m4a
[2026-09-23T16:56:18.346Z] #308/1708 cmo19qxq50d7rgxp8rzhsx9wi OK  -> 1776331224410_d39gsbfcj79.m4a
[2026-09-23T16:56:18.425Z] #305/1708 cmo0al1tn0b3hgxp8f1flteql OK  -> 1776272163205_lxbat05dhjy.m4a
[2026-09-23T16:56:18.540Z] #306/1708 cmo8htmnu07migxqznxj1zosw OK  -> 1776768050210_xb5syngcqal.m4a
[2026-09-23T16:56:21.423Z] #310/1708 cmprtfok5062sgx2vmeuis6f5 OK  -> 1780113194585_31afs78ruiz.m4a
[2026-09-23T16:56:21.945Z] #311/1708 cmo19qwhh0d7pgxp8zzwb1ym3 OK  -> 1776331222827_rgfkf2qq3x0.m4a
[2026-09-23T16:56:22.350Z] #309/1708 cmo19qv9e0d7ngxp84z0g9d35 OK  -> 1776331221142_cvnrn2puy62.m4a
[2026-09-23T16:56:23.507Z] #313/1708 cmo8htlg007mggxqz5f10rl55 OK  -> 1776768048668_cl41z888im6.m4a
[2026-09-23T16:56:26.084Z] #314/1708 cmo19qtys0d7lgxp8o7pe86ab OK  -> 1776331219543_h37komqa0sl.m4a
[2026-09-23T16:56:27.453Z] #312/1708 cmo19qspt0d7jgxp8p5pwv1qp OK  -> 1776331217868_we90hp8nz95.m4a
[2026-09-23T16:56:28.330Z] #316/1708 cmo8htk9207megxqzplc2sdub OK  -> 1776768047065_v41r4lyu4gt.m4a
[2026-09-23T16:56:30.890Z] #318/1708 cmo4121en0336gxgw3xcbz8ko OK  -> 1776498024461_olhzkkpv8aj.m4a
[2026-09-23T16:56:31.127Z] #315/1708 cmprtfnc7062qgx2vcz4qe1uw OK  -> 1780113192952_11a4lqihnxa.m4a
[2026-09-23T16:56:31.284Z] #317/1708 cmo19qrfj0d7hgxp8k9woz7wu OK  -> 1776331216127_zr11six1ykk.m4a
[2026-09-23T16:56:31.678Z] #319/1708 cmn1a5iup034lgxsstviu34cv OK  -> 1774155122494_rqqw3h5mmh1.m4a
[2026-09-23T16:56:34.669Z] #321/1708 cmo19qq3h0d7fgxp8w0br1ti7 OK  -> 1776331214520_csgxj8js471.m4a
[2026-09-23T16:56:36.850Z] #320/1708 cmo564g2w07sxgxgwanhtjcbj OK  -> 1776567000983_0eywvadgl55.m4a
[2026-09-23T16:56:39.910Z] #324/1708 cmo19qout0d7dgxp8q6ubbd43 OK  -> 1776331212951_41je397739o.m4a
[2026-09-23T16:56:41.880Z] #325/1708 cmo564dn307srgxgwlgw71n6t OK  -> 1776566997916_xzl3gdvmus5.m4a
[2026-09-23T16:56:42.605Z] #323/1708 cmo564eum07svgxgwygtlvmuc OK  -> 1776566999405_84vqa3v2x1j.m4a
[2026-09-23T16:56:43.849Z] #322/1708 cmo564hbp07szgxgw695uzw6s OK  -> 1776567002572_smmf6ae2zvl.m4a
[2026-09-23T16:56:44.492Z] #326/1708 cmo19qnmi0d7bgxp8lsx7eykk OK  -> 1776331211246_6894acf965m.m4a
[2026-09-23T16:56:45.205Z] #327/1708 cmprtfm2s062ogx2vgxlfpzv0 OK  -> 1780113191325_b8xi6i1uxeq.m4a
[2026-09-23T16:56:45.664Z] #328/1708 cmo19qmby0d79gxp8zay2cccg OK  -> 1776331209666_p812qav5xs0.m4a
[2026-09-23T16:56:50.729Z] #332/1708 cmo8htj1307mcgxqz6y6g73lj OK  -> 1776768045591_kowuq58iuya.m4a
[2026-09-23T16:56:51.048Z] #329/1708 cmo19qjss0d75gxp8ieup8mc8 OK  -> 1776331206246_dp6kl0bgd4m.m4a
[2026-09-23T16:56:52.318Z] #334/1708 cmo8hthvk07magxqzohsm4zz3 OK  -> 1776768043993_ddyimo2s991.m4a
[2026-09-23T16:56:54.652Z] #330/1708 cmo19ql440d77gxp8pe4k3qld OK  -> 1776331207991_scwz3owqalb.m4a
[2026-09-23T16:56:54.769Z] #331/1708 cmo4120830334gxgwg4s8xe0q OK  -> 1776498022888_wx4tjk012y8.m4a
[2026-09-23T16:56:56.194Z] #333/1708 cmo19qigx0d73gxp8jjq1lotl OK  -> 1776331204622_b9ooblnfkiu.m4a
[2026-09-23T16:56:59.762Z] #335/1708 cmo564chk07spgxgw18jqh119 OK  -> 1776566996346_k05l7xwqu9z.m4a
[2026-09-23T16:57:00.257Z] #336/1708 cmo564b9s07sngxgwjg28kxxs OK  -> 1776566994792_j91mbtgtvxh.m4a
[2026-09-23T16:57:00.530Z] #338/1708 cmn1a5hh3034jgxssb172fg5k OK  -> 1774155120759_n7h980g87qp.m4a
[2026-09-23T16:57:02.892Z] #339/1708 cmo19qfvm0d6zgxp8euk78zds OK  -> 1776331201259_hu8imgznnz3.m4a
[2026-09-23T16:57:02.987Z] #337/1708 cmo564a1q07slgxgwhdpr669x OK  -> 1776566993177_x0y5t4h6ik1.m4a
[2026-09-23T16:57:06.626Z] #340/1708 cmo19qh7t0d71gxp8w6ltzaus OK  -> 1776331202922_960d52cb3u7.m4a
[2026-09-23T16:57:08.925Z] #341/1708 cmprtfktp062mgx2vsrxsfqic OK  -> 1780113189762_3zi4cxn1xlv.m4a
[2026-09-23T16:57:09.080Z] #343/1708 cmo19qeln0d6xgxp8tp765pe2 OK  -> 1776331199595_3zn9dfz2zx0.m4a
[2026-09-23T16:57:09.293Z] #342/1708 cmo8htfeq07m2gxqzo4ayb6z1 OK  -> 1776768040749_7c6p7njjgam.m4a
[2026-09-23T16:57:11.033Z] #344/1708 cmo8htgn107m4gxqzli4w6zbs OK  -> 1776768042387_4yh0tflyppc.m4a
[2026-09-23T16:57:15.384Z] #345/1708 cmo19qdca0d6vgxp8kv5xnsnj OK  -> 1776331197920_yekn6prxf3b.m4a
[2026-09-23T16:57:15.514Z] #347/1708 cmo19qc1i0d6tgxp8h4r1u4l8 OK  -> 1776331196275_qlpxmbws5oi.m4a
[2026-09-23T16:57:15.710Z] #349/1708 cmn1a5g45034hgxssszq8gta6 OK  -> 1774155118037_bsa45u0c1bj.m4a
[2026-09-23T16:57:18.738Z] #348/1708 cmo19qar60d6rgxp8c44wnxy1 OK  -> 1776331194513_9317nmfipl1.m4a
[2026-09-23T16:57:19.487Z] #346/1708 cmo411yzh0332gxgwqqhq2tzd OK  -> 1776498021202_4utd9d6i7x3.m4a
[2026-09-23T16:57:19.802Z] #350/1708 cmprtfjm9062kgx2vyg6ijj3w OK  -> 1780113188141_dkx6eo906rg.m4a
[2026-09-23T16:57:22.173Z] #351/1708 cmo19q6tk0d6lgxp8r8nd8i4o OK  -> 1776331189540_m6icbj47278.m4a
[2026-09-23T16:57:24.991Z] #354/1708 cmo19q5kj0d6jgxp8dke0d5cz OK  -> 1776331187929_ifkc9p1gu1i.m4a
[2026-09-23T16:57:27.138Z] #353/1708 cmo19q9ey0d6pgxp8beph5wu7 OK  -> 1776331192848_m3bmealhtk2.m4a
[2026-09-23T16:57:27.252Z] #352/1708 cmo19q84c0d6ngxp8g8cc0y1h OK  -> 1776331191152_o86f1jax6k3.m4a
[2026-09-23T16:57:28.680Z] #355/1708 cmo19q4bp0d6hgxp8rrjcas91 OK  -> 1776331186289_5yjpqob7905.m4a
[2026-09-23T16:57:29.868Z] #356/1708 cmprtfid6062igx2vumiqagj0 OK  -> 1780113186552_5wapfun1cpk.m4a
[2026-09-23T16:57:31.084Z] #357/1708 cmo5648tj07sjgxgw3u5ozmha OK  -> 1776566991543_xsrbkcf2itz.m4a
[2026-09-23T16:57:32.579Z] #360/1708 cmn1a5e1e034fgxssztq1x1ce OK  -> 1774155116431_g4vuyzcxm2m.m4a
[2026-09-23T16:57:34.446Z] #359/1708 cmo19q31h0d6fgxp809nsw66h OK  -> 1776331184584_nx3n2crllwj.m4a
[2026-09-23T16:57:35.883Z] #358/1708 cmo5647kc07shgxgwrp98oiqo OK  -> 1776566989104_v1ba33a0a9y.m4a
[2026-09-23T16:57:40.264Z] #365/1708 cmo8hte4p07m0gxqz0bkecpy2 OK  -> 1776768039166_mhwutynup0k.m4a
[2026-09-23T16:57:41.266Z] #362/1708 cmo19q1qz0d6bgxp8d6vrb4gc OK  -> 1776331182798_fsc7yayravw.m4a
[2026-09-23T16:57:41.391Z] #363/1708 cmo8htcxa07lygxqzdk1bub2w OK  -> 1776768037625_2c3b7y8dum6.m4a
[2026-09-23T16:57:41.467Z] #361/1708 cmo5645ox07s7gxgwehuf5ztd OK  -> 1776566987519_i583dwjedr7.m4a
[2026-09-23T16:57:43.012Z] #366/1708 cmo5644gx07s5gxgw98uhenru OK  -> 1776566986015_8ikhtmwv4y5.m4a
[2026-09-23T16:57:44.044Z] #364/1708 cmo19q0cf0d69gxp8syvs6lt4 OK  -> 1776331180966_9aalb5px6mk.m4a
[2026-09-23T16:57:47.100Z] #367/1708 cmn1a5csn034dgxss600tw3sh OK  -> 1774155114791_s03ov6tirpo.m4a
[2026-09-23T16:57:49.095Z] #368/1708 cmo19pyyn0d67gxp8mudkj4db OK  -> 1776331179384_g7pm9zhye6i.m4a
[2026-09-23T16:57:49.844Z] #371/1708 cmo56422207s1gxgwus400b51 OK  -> 1776566982893_bnw8hila6we.m4a
[2026-09-23T16:57:51.678Z] #369/1708 cmo5643b507s3gxgwdd1qtoy8 OK  -> 1776566984395_dulap9vdzgc.m4a
[2026-09-23T16:57:53.008Z] #370/1708 cmo19pxqz0d65gxp8kr3epm1u OK  -> 1776331177641_9d8ohi1mixc.m4a
[2026-09-23T16:57:56.561Z] #374/1708 cmo19pwea0d63gxp89xeoqqml OK  -> 1776331176019_o8qs6v8mws1.m4a
[2026-09-23T16:57:56.674Z] #372/1708 cmo5640vx07rzgxgwr9cigb29 OK  -> 1776566981280_70lj80ijy9s.m4a
[2026-09-23T16:57:58.030Z] #375/1708 cmo563zmj07rvgxgwg1ruhav1 OK  -> 1776566979731_gux4mxhiowt.m4a
[2026-09-23T16:57:59.963Z] #377/1708 cmo19pv4b0d61gxp8h91oj8p6 OK  -> 1776331174273_u6ucy8l7qap.m4a
[2026-09-23T16:58:00.111Z] #373/1708 cmo19pts50d5zgxp8x4v6emoj OK  -> 1776331172540_b1dthw2nx1v.m4a
[2026-09-23T16:58:01.751Z] #376/1708 cmprtfh52062egx2vw8yi3jtl OK  -> 1780113184966_rgpyuafk2p8.m4a
[2026-09-23T16:58:02.666Z] #380/1708 cmo19psgn0d5xgxp86q3lx5nz OK  -> 1776331170926_wzmiyjsbuvr.m4a
[2026-09-23T16:58:05.172Z] #378/1708 cmo8htbq607lwgxqzjfo1l1s2 OK  -> 1776768036048_hyh1t28gd4r.m4a
[2026-09-23T16:58:05.269Z] #381/1708 cmn1a5bia034bgxssif1thpip OK  -> 1774155113033_0hpksii7q65.m4a
[2026-09-23T16:58:07.880Z] #379/1708 cmo563yfv07rtgxgws8nput62 OK  -> 1776566978100_srtnw54l83t.m4a
[2026-09-23T16:58:08.116Z] #382/1708 cmo563x7907rrgxgwql4czkgo OK  -> 1776566976562_jpgku95n3i3.m4a
[2026-09-23T16:58:10.064Z] #383/1708 cmo563w0d07rpgxgw3rii1au9 OK  -> 1776566974995_4jis2p225rm.m4a
[2026-09-23T16:58:10.249Z] #384/1708 cmprtffwy062cgx2vhmfn5bvt OK  -> 1780113183370_pbzwxm054w1.m4a
[2026-09-23T16:58:11.602Z] #385/1708 cmo8htail07lugxqzzy1v6kcf OK  -> 1776768034148_irfrc8qk3hc.m4a
[2026-09-23T16:58:14.441Z] #386/1708 cmo563usu07rngxgwdqtu39ic OK  -> 1776566973404_84llvzmo1hr.m4a
[2026-09-23T16:58:19.470Z] #388/1708 cmo563tkm07rlgxgwcqymp7yl OK  -> 1776566971844_cb0xcfl9b00.m4a
[2026-09-23T16:58:19.528Z] #392/1708 cmn1a5a5k0349gxssl3wz0a4n OK  -> 1774155110997_w3ux1dnx6pp.m4a
[2026-09-23T16:58:19.581Z] #387/1708 cmo19pr7q0d5vgxp8g77qykfd OK  -> 1776331169231_kuknf6wsjsh.m4a
[2026-09-23T16:58:19.713Z] #390/1708 cmprtfeoj062agx2vkpv8zko1 OK  -> 1780113181812_swhevh9sn91.m4a
[2026-09-23T16:58:22.945Z] #389/1708 cmo563sd207rjgxgw49txhn2e OK  -> 1776566970292_vv1f76bo2u5.m4a
[2026-09-23T16:58:23.168Z] #391/1708 cmo19ppwe0d5tgxp8tnjw4vrm OK  -> 1776331167528_cvcjd5fxayk.m4a
[2026-09-23T16:58:27.425Z] #395/1708 cmo19plx90d5ngxp83web58r3 OK  -> 1776331161994_9dy8ybwhd6d.m4a
[2026-09-23T16:58:29.606Z] #394/1708 cmo19polf0d5rgxp8qgjf70qu OK  -> 1776331165906_1fta6yo6fai.m4a
[2026-09-23T16:58:33.677Z] #397/1708 cmo411wi8032ygxgw8yz88cic OK  -> 1776498018076_za77ob86ujt.m4a
[2026-09-23T16:58:36.576Z] #400/1708 cmobiba580gowgxqzpprx7j9y OK  -> 1776950272315_r8qijqzw7u1.m4a
[2026-09-23T16:58:37.256Z] #396/1708 cmo19pnc30d5pgxp8rc4rir8h OK  -> 1776331164065_bpm798xp26p.m4a
[2026-09-23T16:58:37.672Z] #399/1708 cmo563r5r07rhgxgw4w0kxmwi OK  -> 1776566968656_4reg6b07jq0.m4a
[2026-09-23T16:58:38.270Z] #398/1708 cmo411xpk0330gxgwjismivv6 OK  -> 1776498019639_ybtpim7d7sa.m4a
[2026-09-23T16:58:39.042Z] #393/1708 cmqz3ufr50h3wgxu0hni8u93y OK  -> 1782730724314_nw7p9ihbbdo.m4a
[2026-09-23T16:58:39.896Z] #401/1708 cmprtfdhd0628gx2vkbgzqe2o OK  -> 1780113180227_ud4e1utw4n8.m4a
[2026-09-23T16:58:42.408Z] #404/1708 cmo1knfvs0eybgxp8dqiot4nn OK  -> 1776349537221_hpr47z6e8ci.m4a
[2026-09-23T16:58:44.989Z] #405/1708 cmm7r15dy0aujgxn8wdorhg81 OK  -> 1772369486448_3utdw0ok4lv.m4a
[2026-09-23T16:58:48.200Z] #402/1708 cmo563pww07rfgxgwlc2do8q0 OK  -> 1776566967071_7ydc0ljh6v7.m4a
[2026-09-23T16:58:50.163Z] #407/1708 cmo563opb07rdgxgw82jbgff9 OK  -> 1776566965535_fbilo0oe9jz.m4a
[2026-09-23T16:58:51.745Z] #406/1708 cmobib8wy0gougxqz8mgfxblp OK  -> 1776950270624_k98cxuyah4s.m4a
[2026-09-23T16:58:53.206Z] #410/1708 cmm7r13w70auhgxn823gkdlb6 OK  -> 1772369484609_6g2vzlc1b29.m4a
[2026-09-23T16:58:54.913Z] #408/1708 cmo1kneqo0ey9gxp867idbpxc OK  -> 1776349535576_avfjghbwm87.m4a
[2026-09-23T16:58:57.357Z] #409/1708 cmo1kndge0ey7gxp8lec6c2nu OK  -> 1776349533879_cije6tw2ab5.m4a
[2026-09-23T16:58:58.718Z] #414/1708 cmo1knc5w0ey5gxp874bcd3in OK  -> 1776349532334_tlgc04appw7.m4a
[2026-09-23T16:59:01.288Z] #412/1708 cmprtfc9b0626gx2vxk0nl0bn OK  -> 1780113178651_zwpqrxs1rda.m4a
[2026-09-23T16:59:06.945Z] #413/1708 cmo1knayw0ey3gxp8g70i2wtv OK  -> 1776349530673_gwql65spzhf.m4a
[2026-09-23T16:59:07.211Z] #416/1708 cmo563ni607rbgxgwdpnfu9gg OK  -> 1776566963996_9helxvgf3vx.m4a
[2026-09-23T16:59:07.290Z] #415/1708 cmo1kn9ol0ey1gxp8um1ahpk4 OK  -> 1776349529016_ssvqsbqjfax.m4a
[2026-09-23T16:59:09.275Z] #417/1708 cmo563mas07r9gxgwnc10inh7 OK  -> 1776566962373_mk3hu5zfxbd.m4a
[2026-09-23T16:59:13.590Z] #403/1708 cmqz3ue710h3ugxu06y8s4eis OK  -> 1782730721741_byiygzez8ji.m4a
[2026-09-23T16:59:14.350Z] #421/1708 cmo1kn70n0exxgxp8sez8kab3 OK  -> 1776349525676_5fr9i7lz7fh.m4a
[2026-09-23T16:59:19.587Z] #419/1708 cmo563l2f07r5gxgwbwqyroj9 OK  -> 1776566960800_ejujf25jema.m4a
[2026-09-23T16:59:21.669Z] #420/1708 cmobib7lw0gosgxqzbq2ja0ws OK  -> 1776950268959_mke4xv0bfz9.m4a
[2026-09-23T16:59:21.733Z] #422/1708 cmo563jtu07r3gxgwmh4auxne OK  -> 1776566959130_4ewfc6o544g.m4a
[2026-09-23T16:59:21.870Z] #418/1708 cmo1kn8ex0exzgxp8awrxozhs OK  -> 1776349527211_zubvd7abn2t.m4a
[2026-09-23T16:59:26.976Z] #423/1708 cmobib6a80goqgxqzxr7v94ai OK  -> 1776950267257_769ed1na3ix.m4a
[2026-09-23T16:59:27.310Z] #411/1708 cmqz3uc7m0h3sgxu0zxq2l2f1 OK  -> 1782730718897_n5lkunh9wi8.m4a
[2026-09-23T16:59:29.112Z] #424/1708 cmprtfb1k0624gx2v2hvkv2dx OK  -> 1780113176633_5qweyoqwlgg.m4a
[2026-09-23T16:59:30.943Z] #426/1708 cmobib4zl0googxqzck3uxqwf OK  -> 1776950265640_01ev46j8c1v.m4a
[2026-09-23T16:59:33.952Z] #429/1708 cmo1kn4ku0exrgxp881x3v83q OK  -> 1776349522439_a6a4e8f0np5.m4a
[2026-09-23T16:59:35.273Z] #425/1708 cmo1kn5u30extgxp8b4x9ex33 OK  -> 1776349524038_i4w5b1jrkv7.m4a
[2026-09-23T16:59:37.046Z] #431/1708 cmm7r12h10aufgxn8i0fy24de OK  -> 1772369482875_kuszd1zrdn1.m4a
[2026-09-23T16:59:37.702Z] #427/1708 cmmsznlrl02yugx6ka0qbhumk OK  -> 1773653760580_mj2bydd0suj.m4a
[2026-09-23T16:59:37.800Z] #428/1708 cmo1kn3c00expgxp8mv2enkou OK  -> 1776349520799_4e6qzjzkolg.m4a
[2026-09-23T16:59:42.400Z] #433/1708 cmo563ik107qxgxgws33otk49 OK  -> 1776566957589_5qj1vj772yw.m4a
[2026-09-23T16:59:45.211Z] #432/1708 cmo1kn20o0exngxp8l5lnlmfd OK  -> 1776349519054_pzwkhhabjp3.m4a
[2026-09-23T16:59:48.562Z] #434/1708 cmo563g7h07qpgxgwnofcxt0o OK  -> 1776566954509_e1a7300nw85.m4a
[2026-09-23T16:59:48.563Z] #436/1708 cmo563hdi07qrgxgw4392ub2i OK  -> 1776566956068_x9jevjhkavn.m4a
[2026-09-23T16:59:48.693Z] #435/1708 cmobib3qu0gomgxqz1yob4lhf OK  -> 1776950263922_n801dii0osp.m4a
[2026-09-23T16:59:52.228Z] #437/1708 cmobib2es0gokgxqz0tgxo1rf OK  -> 1776950262265_h8d9re4lssx.m4a
[2026-09-23T16:59:55.105Z] #438/1708 cmo411vbb032wgxgwydsrrr3q OK  -> 1776498016560_vrd4pfqnfw1.m4a
[2026-09-23T16:59:57.334Z] #441/1708 cmo1kmy4h0exfgxp88sgig163 OK  -> 1776349514049_hnhmm5n736a.m4a
[2026-09-23T16:59:58.447Z] #439/1708 cmo1kmzd10exhgxp8t0ujo3br OK  -> 1776349515686_29nzv3b70ze.m4a
[2026-09-23T17:00:05.658Z] #430/1708 cmqz3ua0x0h3ogxu0ral2rl7o OK  -> 1782730716121_cysxfhijept.m4a
[2026-09-23T17:00:05.673Z] #440/1708 cmo1kn0qn0exlgxp808lysmdi OK  -> 1776349517322_o8tobrs2n87.m4a
[2026-09-23T17:00:05.720Z] #442/1708 cmo1kmwu40exdgxp8bt9qlk3t OK  -> 1776349512381_ct5c5opin59.m4a
[2026-09-23T17:00:05.724Z] #443/1708 cmprtf9he0620gx2vv9kqsu5k OK  -> 1780113174976_cxdyvxro4a4.m4a
[2026-09-23T17:00:05.831Z] #444/1708 cmo1kmvk60exbgxp8qvzahfjk OK  -> 1776349510799_jv4qtd49xu9.m4a
[2026-09-23T17:00:11.497Z] #445/1708 cmo1kmubq0ex9gxp810jjmom6 OK  -> 1776349509011_ijzwm5a517y.m4a
[2026-09-23T17:00:12.369Z] #449/1708 cmm7r114z0audgxn8y8mkymoq OK  -> 1772369481036_imf750xt9j7.m4a
[2026-09-23T17:00:17.989Z] #446/1708 cmobib1600goigxqzuaf3i6tp OK  -> 1776950260629_6d1zp7b5qhj.m4a
[2026-09-23T17:00:22.424Z] #448/1708 cmmsznk6c02ysgx6kgezaclfb OK  -> 1773653758722_z891vptispx.m4a
[2026-09-23T17:00:25.504Z] #453/1708 cmo1kmsz20ex7gxp81yf72pay OK  -> 1776349507429_zndfu5myymp.m4a
[2026-09-23T17:00:25.768Z] #452/1708 cmo1kmrrc0ex5gxp81ue0jv5k OK  -> 1776349505775_mpz49gdytg0.m4a
[2026-09-23T17:00:33.212Z] #455/1708 cmo411u3r032ugxgwdvmif26c OK  -> 1776498014998_8qxnbphkcwx.m4a
[2026-09-23T17:00:36.856Z] #454/1708 cmo563ezl07qngxgw4llmo0pt OK  -> 1776566952810_ymyauxkqiuj.m4a
[2026-09-23T17:00:38.887Z] #457/1708 cmo1kmp6h0ex1gxp8dy8h6cz7 OK  -> 1776349502515_gk7oq7zo39o.m4a
[2026-09-23T17:00:39.120Z] #456/1708 cmo1kmqg20ex3gxp8t9iqguly OK  -> 1776349504072_s63xkwaw2ae.m4a
[2026-09-23T17:00:52.585Z] #450/1708 cmqz3u7vx0h3kgxu0uprc9vz2 OK  -> 1782730713416_azxk27xusbq.m4a
[2026-09-23T17:00:52.685Z] #447/1708 cmqz3u3nf0h3ggxu0xb6hosbs OK  -> 1782730707929_otx8lqvsfd2.m4a
[2026-09-23T17:00:52.694Z] #460/1708 cmo1kmnyj0ewzgxp8z64wnnd0 OK  -> 1776349500858_5fdqf6g6ct4.m4a
[2026-09-23T17:00:52.754Z] #458/1708 cmobiazvx0goggxqzvpb1q981 OK  -> 1776950258979_9kaadbcs3vx.m4a
[2026-09-23T17:00:53.049Z] #451/1708 cmqz3u5ry0h3igxu0yhrkmg4d OK  -> 1782730710640_a9y481dw9ze.m4a
[2026-09-23T17:00:56.386Z] #459/1708 cmobiaylq0goegxqz4mez111p OK  -> 1776950257264_youzinfpndp.m4a
[2026-09-23T17:00:59.181Z] #463/1708 cmm7r0zqa0aubgxn8nmmrss58 OK  -> 1772369479219_zw790ao472j.m4a
[2026-09-23T17:00:59.362Z] #465/1708 cmobiaw1g0goagxqzj8uhs59d OK  -> 1776950254023_wdb3cidvlln.m4a
[2026-09-23T17:01:00.821Z] #462/1708 cmprtf87h061ygx2vlzkq0fzk OK  -> 1780113173396_fwdc053mk5a.m4a
[2026-09-23T17:01:03.082Z] #461/1708 cmobiaxa90gocgxqzefbbk36d OK  -> 1776950255657_r1nwuq7l3ux.m4a
[2026-09-23T17:01:03.664Z] #466/1708 cmo1kmmnt0ewxgxp8mmpwrp3z OK  -> 1776349499250_ededego66o2.m4a
[2026-09-23T17:01:04.641Z] #464/1708 cmmszniqn02yqgx6kd8wtiu0w OK  -> 1773653756877_vty5hi0n5ix.m4a
[2026-09-23T17:01:05.306Z] #467/1708 cmobiauqk0go8gxqzmelcw6ax OK  -> 1776950252383_cprndllyk96.m4a
[2026-09-23T17:01:06.734Z] #468/1708 cmo1kmlfp0ewtgxp8sctnhdrf OK  -> 1776349497674_9rf17xrlolt.m4a
[2026-09-23T17:01:08.891Z] #469/1708 cmo1kmghx0ewlgxp87yowapbe OK  -> 1776349491212_gh6i2c5fypt.m4a
[2026-09-23T17:01:12.801Z] #471/1708 cmobiatjc0go6gxqzypvzuqll OK  -> 1776950250725_k2206qw10k9.m4a
[2026-09-23T17:01:14.374Z] #470/1708 cmo1kmizs0ewpgxp8lios2wil OK  -> 1776349494432_ni8nzoxy9hd.m4a
[2026-09-23T17:01:17.020Z] #473/1708 cmo1kmk8f0ewrgxp85ckv8wlf OK  -> 1776349496054_5f4ufzbfryx.m4a
[2026-09-23T17:01:17.024Z] #475/1708 cmprtf6zi061wgx2v6zyou2a2 OK  -> 1780113171821_c8jqo3kfml4.m4a
[2026-09-23T17:01:17.144Z] #472/1708 cmo1kmhq60ewngxp8acqzturf OK  -> 1776349492841_gre4j3zuotd.m4a
[2026-09-23T17:01:17.345Z] #474/1708 cmmsznhbh02yogx6kyrfazs9b OK  -> 1773653755011_btas3f3wxip.m4a
[2026-09-23T17:01:23.132Z] #477/1708 cmo1kmf8k0ewjgxp8tec6ts1u OK  -> 1776349489607_0a2mpkjeuqb.m4a
[2026-09-23T17:01:23.368Z] #476/1708 cmo563doc07qlgxgw9myyi1uo OK  -> 1776566951233_zirz0ta25o4.m4a
[2026-09-23T17:01:23.484Z] #480/1708 cmm7r0ybf0au9gxn8npr19rl1 OK  -> 1772369477237_i2qtltcqmjn.m4a
[2026-09-23T17:01:24.925Z] #479/1708 cmo1kme040ewhgxp845aix8b8 OK  -> 1776349488013_kcmddj85kld.m4a
[2026-09-23T17:01:25.931Z] #481/1708 cmo1kmcqv0ewfgxp8qeezsb0x OK  -> 1776349486316_mz84wyoci1v.m4a
[2026-09-23T17:01:28.329Z] #478/1708 cmqz3u1k70h3egxu0sgspqzhd OK  -> 1782730706169_ocz9pg6nyh6.m4a
[2026-09-23T17:01:32.228Z] #483/1708 cmo1kma6v0ew9gxp8stqzati7 OK  -> 1776349483042_x3lpsgmjvcg.m4a
[2026-09-23T17:01:36.265Z] #485/1708 cmobias8s0go4gxqzvdp1appo OK  -> 1776950249065_bjtjr11eia4.m4a
[2026-09-23T17:01:36.686Z] #484/1708 cmo563cgr07qjgxgwulilio8j OK  -> 1776566949621_q0vjql5oyxr.m4a
[2026-09-23T17:01:36.780Z] #486/1708 cmo1km7l40ew5gxp8gi70wex4 OK  -> 1776349479698_usugu49m560.m4a
[2026-09-23T17:01:37.031Z] #482/1708 cmo1kmbgk0ewdgxp8srvwieqm OK  -> 1776349484669_11qpg858y2f.m4a
[2026-09-23T17:01:40.374Z] #487/1708 cmo1km8wf0ew7gxp8qkbo5ft8 OK  -> 1776349481289_afe565xnl2c.m4a
[2026-09-23T17:01:41.984Z] #488/1708 cmo1km6cj0ew3gxp82z1imbh0 OK  -> 1776349478066_yw24aezjb4n.m4a
[2026-09-23T17:01:43.284Z] #489/1708 cmo5639zt07qfgxgwdyy0tv28 OK  -> 1776566946476_bjwr7todalq.m4a
[2026-09-23T17:01:48.247Z] #490/1708 cmo563b8107qhgxgw95y8ns9x OK  -> 1776566948023_bhv0k5d8wv5.m4a
[2026-09-23T17:01:48.272Z] #491/1708 cmo1km5400ew1gxp8zy46v3au OK  -> 1776349476366_8lmt2kp9xs7.m4a
[2026-09-23T17:01:48.329Z] #492/1708 cmobiaqyt0go2gxqzz02b2w16 OK  -> 1776950247395_1r0zmr85tiw.m4a
[2026-09-23T17:01:48.438Z] #493/1708 cmobiapos0go0gxqz6jge3yn8 OK  -> 1776950245802_7hh3748agc7.m4a
[2026-09-23T17:01:54.573Z] #496/1708 cmm7r0wsf0au7gxn88cw8yc20 OK  -> 1772369475459_8my2jfy47ud.m4a
[2026-09-23T17:01:54.988Z] #494/1708 cmo5638qw07qdgxgwfnw6tr8f OK  -> 1776566944883_z1ap09pyitb.m4a
[2026-09-23T17:01:55.131Z] #495/1708 cmmsznfvk02ymgx6kir02tjsg OK  -> 1773653753090_0lpdy1dvlev.m4a
[2026-09-23T17:01:55.358Z] #498/1708 cmo1km3sd0evzgxp8q329dnux OK  -> 1776349474793_pu6evbgv2uv.m4a
[2026-09-23T17:01:57.481Z] #497/1708 cmprtf5rw061ugx2vex0f2lhu OK  -> 1780113170232_eckfpkolkc0.m4a
[2026-09-23T17:02:01.151Z] #499/1708 cmo1km2kh0evxgxp8ooqwaafn OK  -> 1776349473129_hsaqf4k083e.m4a
[2026-09-23T17:02:02.749Z] #500/1708 cmobiaofr0gnygxqzctarp0th OK  -> 1776950244138_d8yso0ghk4g.m4a
[2026-09-23T17:02:02.987Z] #501/1708 cmprtf4js061sgx2vyp9fnm5t OK  -> 1780113168648_qq0j3dptrlh.m4a
[2026-09-23T17:02:04.780Z] #503/1708 cmo1km1aj0evvgxp86yn1eszz OK  -> 1776349471450_0y2lk0aiq8y.m4a
[2026-09-23T17:02:07.966Z] #502/1708 cmo411sxf032qgxgw32r8m30v OK  -> 1776498013354_0oopsuye2b5.m4a
[2026-09-23T17:02:10.045Z] #505/1708 cmo1klzzi0evtgxp8pi9jq9vw OK  -> 1776349469882_q5dwp5sltdo.m4a
[2026-09-23T17:02:10.051Z] #504/1708 cmobian6b0gnwgxqzqrcch1at OK  -> 1776950242524_i9vmrwwk3qm.m4a
[2026-09-23T17:02:10.141Z] #506/1708 cmo5637kd07qbgxgwb4wuh1kv OK  -> 1776566943334_amtaoo6taft.m4a
[2026-09-23T17:02:11.792Z] #507/1708 cmo411rnw032ogxgw1kh7arni OK  -> 1776498011817_n3hrvpdp9q9.m4a
[2026-09-23T17:02:14.416Z] #508/1708 cmo1klyrw0evrgxp87fd488tu OK  -> 1776349468282_t729q6tg98a.m4a
[2026-09-23T17:02:15.945Z] #510/1708 cmm7r0vf30au5gxn87oqlf31z OK  -> 1772369473640_d0iwwgzhy8g.m4a
[2026-09-23T17:02:16.069Z] #509/1708 cmo1klxiz0evpgxp8bdhpm7pf OK  -> 1776349466480_vr15n18zk20.m4a
[2026-09-23T17:02:20.037Z] #512/1708 cmo1klw4z0evngxp80vjrw3bg OK  -> 1776349464840_xc3ctz2yqp5.m4a
[2026-09-23T17:02:20.225Z] #513/1708 cmobialxf0gnugxqztwicqs8o OK  -> 1776950240932_dv5d8nizidl.m4a
[2026-09-23T17:02:24.888Z] #516/1708 cmo1kltoj0evjgxp889w5iitg OK  -> 1776349461629_4o6w66bc8k1.m4a
[2026-09-23T17:02:25.871Z] #511/1708 cmmszneec02ykgx6khi970v93 OK  -> 1773653751107_ddwv247mizn.m4a
[2026-09-23T17:02:26.541Z] #518/1708 cmo5636d507q9gxgwask2labt OK  -> 1776566941819_vuu9mm0lo0w.m4a
[2026-09-23T17:02:26.610Z] #514/1708 cmo1kluw20evlgxp88ciux1pc OK  -> 1776349463251_dy95gz6yd0k.m4a
[2026-09-23T17:02:27.170Z] #515/1708 cmo1klsfb0evhgxp862rg71nc OK  -> 1776349459972_wy3gh8l8zaf.m4a
[2026-09-23T17:02:28.812Z] #517/1708 cmo56356x07q7gxgwokq0bisg OK  -> 1776566940269_vof7yxziq8w.m4a
[2026-09-23T17:02:33.696Z] #523/1708 cmm7r0u0r0au1gxn8eydhr90d OK  -> 1772369471912_hwn462v5m0c.m4a
[2026-09-23T17:02:36.508Z] #524/1708 cmo5631kw07pzgxgwoplw54of OK  -> 1776566935607_371qtdouaas.m4a
[2026-09-23T17:02:37.954Z] #521/1708 cmo411qgt032mgxgw80ufta4g OK  -> 1776498010280_3nm77iuo7az.m4a
[2026-09-23T17:02:38.372Z] #522/1708 cmo1klr4s0evfgxp8m758gofu OK  -> 1776349458346_3c5u2xu3va8.m4a
[2026-09-23T17:02:39.787Z] #520/1708 cmo5632rt07q3gxgwril3en95 OK  -> 1776566937122_j69tswzdcg0.m4a
[2026-09-23T17:02:40.176Z] #519/1708 cmo56340507q5gxgwxoeiqimb OK  -> 1776566938672_cxhlaat3dsv.m4a
[2026-09-23T17:02:41.274Z] #526/1708 cmo1klpw60evdgxp8jzshwcq9 OK  -> 1776349456791_63kochr62pd.m4a
[2026-09-23T17:02:44.528Z] #525/1708 cmobiakow0gnsgxqzfodhkmqe OK  -> 1776950239267_79iemag7xje.m4a
[2026-09-23T17:02:45.336Z] #531/1708 cmo1kloor0ev9gxp8sjy96kz6 OK  -> 1776349455245_r07vnzdg4pm.m4a
[2026-09-23T17:02:47.764Z] #528/1708 cmprtf3br061qgx2vv8g4i28d OK  -> 1780113167051_pbj51hqf22j.m4a
[2026-09-23T17:02:49.120Z] #530/1708 cmo1klnho0ev7gxp8v54ddrun OK  -> 1776349453660_vgco4vjsvjr.m4a
[2026-09-23T17:02:49.492Z] #527/1708 cmmszncvj02yggx6kwbgtj0lr OK  -> 1773653749280_5a6wymh96sg.m4a
[2026-09-23T17:02:51.139Z] #532/1708 cmo5630ec07pxgxgw3k2a7pxg OK  -> 1776566934026_mz0dcf4givn.m4a
[2026-09-23T17:02:53.203Z] #529/1708 cmo1klm9f0ev5gxp8tjzd7er2 OK  -> 1776349451923_trz0jog67zq.m4a
[2026-09-23T17:02:56.039Z] #536/1708 cmobiai4a0gnogxqznovjuimh OK  -> 1776950235571_ixxvcr3cu0m.m4a
[2026-09-23T17:02:57.361Z] #535/1708 cmobiajfb0gnqgxqzu6tgg3te OK  -> 1776950237604_7aigpnj1uy7.m4a
[2026-09-23T17:02:57.601Z] #533/1708 cmo1klkx10ev3gxp80whasxvt OK  -> 1776349450284_tvlrfhsm4vj.m4a
[2026-09-23T17:02:58.712Z] #534/1708 cmo1kljn80ev1gxp85nnxyaif OK  -> 1776349448672_2kwk4xbby0a.m4a
[2026-09-23T17:03:00.083Z] #537/1708 cmobiagjh0gnmgxqz80v8ch9y OK  -> 1776950232242_hclx16hyea1.m4a
[2026-09-23T17:03:00.205Z] #538/1708 cmprtf23c061ogx2vrz1qfzum OK  -> 1780113165500_4e35hvmxadx.m4a
[2026-09-23T17:03:00.825Z] #539/1708 cmm7r0snn0atzgxn8xgeabc0k OK  -> 1772369470044_z88x0rm023x.m4a
[2026-09-23T17:03:02.244Z] #541/1708 cmo1klifc0euzgxp8clp4g6e8 OK  -> 1776349447144_6hz6ghh1zlf.m4a
[2026-09-23T17:03:08.016Z] #540/1708 cmmsznbgp02yegx6kmysyxzmm OK  -> 1773653746027_xp1ky68b8ax.m4a
[2026-09-23T17:03:08.205Z] #544/1708 cmobiadzu0gnkgxqzavjg308q OK  -> 1776950230670_rti9c07lq0n.m4a
[2026-09-23T17:03:09.672Z] #545/1708 cmo1kleq40eutgxp8v5ew43fh OK  -> 1776349442277_4roimh1yjv6.m4a
[2026-09-23T17:03:09.918Z] #546/1708 cmobiacrc0gnigxqzuqmwmdi9 OK  -> 1776950229063_gv1o9nxsuck.m4a
[2026-09-23T17:03:12.017Z] #542/1708 cmo1klh8m0euxgxp8dr2oxxhj OK  -> 1776349445507_jh1jgv662f3.m4a
[2026-09-23T17:03:12.155Z] #543/1708 cmo1klfym0euvgxp8kh2nqk0a OK  -> 1776349443888_v3fdmlgiwe6.m4a
[2026-09-23T17:03:15.826Z] #548/1708 cmo562z7007pvgxgwxrnvwyeb OK  -> 1776566932507_hq2hpkxsm2r.m4a
[2026-09-23T17:03:15.826Z] #547/1708 cmo1klc7s0eupgxp8olqe2gfg OK  -> 1776349439019_xepk0nvtku2.m4a
[2026-09-23T17:03:15.930Z] #550/1708 cmo1klaz30eungxp88rat8ewn OK  -> 1776349437495_s42yxghlfmu.m4a
[2026-09-23T17:03:20.535Z] #551/1708 cmo562wte07prgxgw85zl3klu OK  -> 1776566929414_9se6bsqj4u0.m4a
[2026-09-23T17:03:20.688Z] #552/1708 cmo562y0o07ptgxgw4qtxhusr OK  -> 1776566930951_4s1urofi01n.m4a
[2026-09-23T17:03:22.353Z] #549/1708 cmo1kldhw0eurgxp807ikaiw1 OK  -> 1776349440629_jcs2nruy43u.m4a
[2026-09-23T17:03:23.409Z] #553/1708 cmo1kl9sg0eujgxp8c9ds3eq1 OK  -> 1776349435918_tqhvacxibib.m4a
[2026-09-23T17:03:24.919Z] #555/1708 cmprtf0wo061mgx2vbljv40ai OK  -> 1780113163900_hbf8w93u8yu.m4a
[2026-09-23T17:03:27.491Z] #556/1708 cmm7r0r870atxgxn8iu5fiirt OK  -> 1772369468145_57mx2qmbwvg.m4a
[2026-09-23T17:03:27.492Z] #557/1708 cmo1kl8kr0euhgxp81disi27h OK  -> 1776349434364_wolnjl2w85z.m4a
[2026-09-23T17:03:27.603Z] #554/1708 cmo1kl7dj0eufgxp8gwkzles4 OK  -> 1776349432771_2awctkcjrmw.m4a
[2026-09-23T17:03:29.589Z] #558/1708 cmobiabjv0gnegxqz3cdzdp66 OK  -> 1776950227484_jw4d7bshy88.m4a
[2026-09-23T17:03:32.458Z] #560/1708 cmo562vmo07ppgxgw23sd6huq OK  -> 1776566927892_rw3h9zqc0ca.m4a
[2026-09-23T17:03:34.493Z] #559/1708 cmo1kl3km0eu9gxp8s0opl5oz OK  -> 1776349427772_tchknrrdgh8.m4a
[2026-09-23T17:03:34.614Z] #562/1708 cmo1kl4us0eubgxp8yy4x39wm OK  -> 1776349429436_c3rzrox4ndc.m4a
[2026-09-23T17:03:36.940Z] #564/1708 cmprteznt061kgx2v4nik2e14 OK  -> 1780113161349_vmojlsm5yq9.m4a
[2026-09-23T17:03:40.880Z] #561/1708 cmo1kl64q0eudgxp8d47xo4ww OK  -> 1776349431076_yd73ll6m74j.m4a
[2026-09-23T17:03:40.980Z] #563/1708 cmo1kl29b0eu7gxp8xy6crzei OK  -> 1776349426046_tnw2ge4zzk6.m4a
[2026-09-23T17:03:41.199Z] #566/1708 cmo1kkych0etzgxp8xy07tjkf OK  -> 1776349421134_sjjy7v7165w.m4a
[2026-09-23T17:03:43.318Z] #567/1708 cmo562ugf07pngxgwq87gh530 OK  -> 1776566926332_y9hwe2pra1l.m4a
[2026-09-23T17:03:45.318Z] #565/1708 cmo1kl0xm0eu5gxp8yx3o7bmb OK  -> 1776349424311_hhba5d6jnls.m4a
[2026-09-23T17:03:45.611Z] #568/1708 cmo411p9n032kgxgwnr43hpyw OK  -> 1776498008666_r70xnjuanx1.m4a
[2026-09-23T17:03:46.874Z] #571/1708 cmo1kkvv20etvgxp8vixbm8kl OK  -> 1776349417870_64wqirio4rs.m4a
[2026-09-23T17:03:48.603Z] #572/1708 cmm7r0prs0atvgxn87iveqkre OK  -> 1772369466259_t0phqy357ol.m4a
[2026-09-23T17:03:50.608Z] #570/1708 cmo1kkx650etxgxp8juzagbns OK  -> 1776349419438_k10mwo9k7n3.m4a
[2026-09-23T17:03:52.461Z] #569/1708 cmo1kkzlo0eu1gxp82s1qhgaa OK  -> 1776349422670_6voltard504.m4a
[2026-09-23T17:03:54.273Z] #573/1708 cmo562t9a07plgxgwo38so940 OK  -> 1776566924822_b4j7b2s8ww3.m4a
[2026-09-23T17:03:57.569Z] #577/1708 cmobiaabq0gncgxqz6o9tyhit OK  -> 1776950225945_d5w7covrmsb.m4a
[2026-09-23T17:03:57.626Z] #575/1708 cmprtexp0061igx2vfbuza0kf OK  -> 1780113159741_srpx2tqn2oq.m4a
[2026-09-23T17:03:57.633Z] #576/1708 cmo1kktat0etrgxp8ral9wnbg OK  -> 1776349414502_bmrwzh2jeed.m4a
[2026-09-23T17:03:57.759Z] #574/1708 cmo1kkuna0ettgxp8s5vkcn26 OK  -> 1776349416111_xt9ck9cswf0.m4a
[2026-09-23T17:04:03.744Z] #579/1708 cmo1kkqtx0etngxp8v9fis9ge OK  -> 1776349411249_2g812vstlb7.m4a
[2026-09-23T17:04:06.474Z] #580/1708 cmo1kks1l0etpgxp8p1k05sqt OK  -> 1776349412919_fca36hspvzw.m4a
[2026-09-23T17:04:06.544Z] #578/1708 cmobia94o0gnagxqz8t2kj0ow OK  -> 1776950224248_onrofbcxfoa.m4a
[2026-09-23T17:04:06.636Z] #581/1708 cmo1kko9l0etjgxp8wht3uknc OK  -> 1776349408034_nr9xefbif44.m4a
[2026-09-23T17:04:08.344Z] #582/1708 cmo1kkn230ethgxp8i29hkutw OK  -> 1776349406281_v1wsigwd58u.m4a
[2026-09-23T17:04:11.321Z] #583/1708 cmo411o1f032igxgw5pkunrbq OK  -> 1776498007096_2m2ngt8m7pm.m4a
[2026-09-23T17:04:13.042Z] #587/1708 cmobia6k10gn6gxqz7e8oxd51 OK  -> 1776950221041_4tjmwnzeaws.m4a
[2026-09-23T17:04:13.075Z] #584/1708 cmo1kkpj10etlgxp882y4mp9a OK  -> 1776349409594_rvd6w1b4iut.m4a
[2026-09-23T17:04:13.202Z] #586/1708 cmm7r0obe0attgxn8pe0lvvcv OK  -> 1772369464375_ph3jvz01g1j.m4a
[2026-09-23T17:04:15.135Z] #588/1708 cmo1kkkcr0etdgxp8hpehb0zr OK  -> 1776349402843_9tqralma22o.m4a
[2026-09-23T17:04:16.088Z] #585/1708 cmobia7tm0gn8gxqzucehleqa OK  -> 1776950222637_972vzafkxjr.m4a
[2026-09-23T17:04:18.651Z] #591/1708 cmobia5cx0gn2gxqzb35mlrqv OK  -> 1776950219554_j1g3ydht16g.m4a
[2026-09-23T17:04:21.393Z] #589/1708 cmo1kklom0etfgxp8ekjqojh5 OK  -> 1776349404533_jcvxx12xeh2.m4a
[2026-09-23T17:04:24.087Z] #592/1708 cmo562s2s07phgxgwmrp6ixrp OK  -> 1776566923273_2wohhmdfyr4.m4a
[2026-09-23T17:04:24.151Z] #590/1708 cmo1kkj1r0etbgxp8h2zeil06 OK  -> 1776349401134_h5fhkm4596e.m4a
[2026-09-23T17:04:24.193Z] #593/1708 cmo1kkhqm0et9gxp8u07sposx OK  -> 1776349399525_rrq38hob948.m4a
[2026-09-23T17:04:24.354Z] #594/1708 cmobia45v0gn0gxqzwy1d47u4 OK  -> 1776950217907_vn60eqj5955.m4a
[2026-09-23T17:04:29.028Z] #597/1708 cmo1kkghq0et7gxp8ccaol49o OK  -> 1776349397852_hpqeauzagaz.m4a
[2026-09-23T17:04:30.322Z] #596/1708 cmprtewg9061ggx2vkr6b3r7s OK  -> 1780113158151_fpo0yravjo6.m4a
[2026-09-23T17:04:30.423Z] #595/1708 cmo411mu1032ggxgwlu9p5z40 OK  -> 1776498005481_5tqv3zlhkv5.m4a
[2026-09-23T17:04:32.296Z] #598/1708 cmobia2wl0gmygxqzj831uigq OK  -> 1776950216257_frup6xissng.m4a
[2026-09-23T17:04:33.108Z] #599/1708 cmo1kkdup0et1gxp8owstrc46 OK  -> 1776349394474_80u4nxf08ox.m4a
[2026-09-23T17:04:36.659Z] #602/1708 cmm7r0muh0atrgxn8nxdguuut OK  -> 1772369462425_geudq1wi57n.m4a
[2026-09-23T17:04:38.581Z] #600/1708 cmo1kkf6y0et5gxp89f72nt3i OK  -> 1776349396091_152voyb2box.m4a
[2026-09-23T17:04:39.198Z] #601/1708 cmo1kkckt0eszgxp8ifkiphop OK  -> 1776349392822_goynkg6jmw9.m4a
[2026-09-23T17:04:39.842Z] #603/1708 cmo562pqa07p7gxgwv3yaz4hd OK  -> 1776566920179_tuqn07qwl8g.m4a
[2026-09-23T17:04:41.764Z] #604/1708 cmo562qwg07pfgxgwlap8jmpc OK  -> 1776566921753_9ecq0gxct2o.m4a
[2026-09-23T17:04:44.713Z] #605/1708 cmo1kkbbt0esxgxp88l95lryv OK  -> 1776349391064_n5i1ndzt3wv.m4a
[2026-09-23T17:04:44.739Z] #608/1708 cmoa5fb550d8lgxqzke55k96i OK  -> 1776868159109_pj1d070jqn7.m4a
[2026-09-23T17:04:44.841Z] #606/1708 cmo1kk9z40esvgxp8v7f0zlmn OK  -> 1776349389350_gre3zntom24.m4a
[2026-09-23T17:04:49.121Z] #610/1708 cmprtev84061egx2vwqwcc24t OK  -> 1780113156567_6vzjr43x1q6.m4a
[2026-09-23T17:04:49.304Z] #613/1708 cmm7rd19z0awhgxn8ahp0b2v9 OK  -> 1772370040876_2ufngod7azz.m4a
[2026-09-23T17:04:51.505Z] #607/1708 cmmszn8y802ycgx6kzhs4knem OK  -> 1773653743437_ahjwbfii2v3.m4a
[2026-09-23T17:04:52.167Z] #609/1708 cmo1kk8n40estgxp8xolgp68v OK  -> 1776349387682_wrbvhxpk3cd.m4a
[2026-09-23T17:04:52.266Z] #611/1708 cmoa5f9yd0d8jgxqzt0ahzur1 OK  -> 1776868157494_0vfua2y5a5h.m4a
[2026-09-23T17:04:53.798Z] #612/1708 cmo562ohv07p1gxgwjort05b2 OK  -> 1776566918631_mo9c8uevb5k.m4a
[2026-09-23T17:04:55.097Z] #614/1708 cmoa5f7ga0d8dgxqzjx9ydn7q OK  -> 1776868154336_o3ma5ljhdpc.m4a
[2026-09-23T17:04:56.364Z] #615/1708 cmoa5f8pb0d8hgxqz4vof3ydy OK  -> 1776868155858_j83bf6zqb0v.m4a
[2026-09-23T17:04:58.767Z] #617/1708 cmoa5f69s0d8bgxqz7gbjl74n OK  -> 1776868152716_afvd2lac0zn.m4a
[2026-09-23T17:05:00.237Z] #619/1708 cmprteu04061cgx2vkoqnz55u OK  -> 1780113153351_jld7r10v4xe.m4a
[2026-09-23T17:05:01.502Z] #616/1708 cmo562nba07oxgxgwl8sn45kk OK  -> 1776566917012_ama8n1buvrn.m4a
[2026-09-23T17:05:04.157Z] #622/1708 cmm7r0l4y0atlgxn8v1373309 OK  -> 1772369460360_8lusrfy00qj.m4a
[2026-09-23T17:05:04.285Z] #618/1708 cmo1lrcb20f7ygxp8op6nzf8g OK  -> 1776351398655_5mrbqxs40xo.m4a
[2026-09-23T17:05:06.038Z] #620/1708 cmo562m1w07ovgxgwcnxywygf OK  -> 1776566915450_q9hevpdhgjt.m4a
[2026-09-23T17:05:06.103Z] #621/1708 cmo1lrb160f7ugxp85z8sxlpb OK  -> 1776351397041_75imkrgwz0l.m4a
[2026-09-23T17:05:07.482Z] #624/1708 cmoa5f50b0d89gxqz5ng0j9lz OK  -> 1776868151084_5m7zaz22nog.m4a
[2026-09-23T17:05:11.507Z] #623/1708 cmo1lr9sl0f7sgxp8hc4vr3ub OK  -> 1776351395290_uk3t54ka6xw.m4a
[2026-09-23T17:05:14.755Z] #625/1708 cmo562kuu07otgxgw636h31m5 OK  -> 1776566913949_c3h087799ih.m4a
[2026-09-23T17:05:14.908Z] #628/1708 cmoa5f3rj0d87gxqzgvmi5mnu OK  -> 1776868149487_gsja3bcqm88.m4a
[2026-09-23T17:05:15.180Z] #629/1708 cmo1lr5yr0f7ggxp857qjuiup OK  -> 1776351390499_jpp6mtptuo8.m4a
[2026-09-23T17:05:16.913Z] #626/1708 cmo1lr8g80f7kgxp89w65ouza OK  -> 1776351393625_mu1iunmtqnl.m4a
[2026-09-23T17:05:18.315Z] #627/1708 cmo1lr75q0f7igxp8mnxoljt9 OK  -> 1776351392060_n2bduc7rwh6.m4a
[2026-09-23T17:05:18.435Z] #630/1708 cmoa5f2j20d85gxqzk0ujc1mw OK  -> 1776868147907_nsvucsuqtdj.m4a
[2026-09-23T17:05:21.598Z] #632/1708 cmoa5f1b10d83gxqz8q5fj319 OK  -> 1776868146200_efrapibq063.m4a
[2026-09-23T17:05:24.100Z] #633/1708 cmo1lr3i90f7cgxp8aloy17m8 OK  -> 1776351387344_va9w3axmo5p.m4a
[2026-09-23T17:05:24.255Z] #635/1708 cmm7r0jrl0atjgxn84mywl9jg OK  -> 1772369458535_0zcyz6mfks9.m4a
[2026-09-23T17:05:26.140Z] #634/1708 cmo1lr11u0f78gxp86sg30kqc OK  -> 1776351384119_30x13d80egr.m4a
[2026-09-23T17:05:27.465Z] #631/1708 cmo1lr4qv0f7egxp8otp66swh OK  -> 1776351388894_0vmuvagjpwb.m4a
[2026-09-23T17:05:30.012Z] #636/1708 cmo1lr2bg0f7agxp815fmksw0 OK  -> 1776351385723_hrddmqiihuv.m4a
[2026-09-23T17:05:31.271Z] #639/1708 cmoa5ezzn0d7zgxqzne20svmh OK  -> 1776868144622_acbfif5zrvn.m4a
[2026-09-23T17:05:32.090Z] #638/1708 cmprterip061agx2vmzbqw7ps OK  -> 1780113151460_noz35u3evus.m4a
[2026-09-23T17:05:34.253Z] #637/1708 cmo1lqztd0f74gxp8trgaiybh OK  -> 1776351382404_6nywsh70lnj.m4a
[2026-09-23T17:05:38.999Z] #642/1708 cmprteq290618gx2vyl3btirb OK  -> 1780113149857_mxp3s0qxhrj.m4a
[2026-09-23T17:05:39.050Z] #644/1708 cmm7r0ick0athgxn8zodofigv OK  -> 1772369456642_c5hpbv7d5vs.m4a
[2026-09-23T17:05:39.114Z] #640/1708 cmo1lqx8j0f6ygxp8s6il5qkr OK  -> 1776351379178_oebd34u8pl0.m4a
[2026-09-23T17:05:39.233Z] #641/1708 cmo1lqyhz0f70gxp8mtmjvj0j OK  -> 1776351380770_ptbch7ocagk.m4a
[2026-09-23T17:05:43.396Z] #643/1708 cmo562jp407orgxgwx622awl6 OK  -> 1776566912362_ss2vy9ygzea.m4a
[2026-09-23T17:05:43.497Z] #645/1708 cmo5fovnu0amigxgwb8b8zgp1 OK  -> 1776583070801_r4p5xj8tob4.m4a
[2026-09-23T17:05:49.079Z] #646/1708 cmo562h7f07ongxgwooimcaqz OK  -> 1776566909191_l4p7oq8qhm5.m4a
[2026-09-23T17:05:49.193Z] #649/1708 cmo5foxff0amkgxgwndwmzocm OK  -> 1776583072444_o6jhowhn6b5.m4a
[2026-09-23T17:05:50.843Z] #647/1708 cmo562ih407opgxgwbynoyzpz OK  -> 1776566910730_40xh6r99kf6.m4a
[2026-09-23T17:05:52.069Z] #648/1708 cmo5foudj0amggxgwfizzc67k OK  -> 1776583069138_rajerzv1apo.m4a
[2026-09-23T17:05:54.371Z] #651/1708 cmoa5eyrm0d7xgxqzma5322ky OK  -> 1776868142964_06nmw91ybkz.m4a
[2026-09-23T17:05:56.432Z] #653/1708 cmprteotq0616gx2vo2gmuza5 OK  -> 1780113148309_1s5yv32t9ng.m4a
[2026-09-23T17:05:57.421Z] #652/1708 cmo5forng0amcgxgw6lmkglcu OK  -> 1776583065627_fh147o25n7o.m4a
[2026-09-23T17:05:58.997Z] #650/1708 cmo5fot3c0amegxgw3jeogo45 OK  -> 1776583067271_qomou8e02dp.m4a
[2026-09-23T17:06:00.965Z] #654/1708 cmo562g1007olgxgw4zb4n3jg OK  -> 1776566907533_p69eq1yp3fp.m4a
[2026-09-23T17:06:01.066Z] #656/1708 cmo5fop2y0am8gxgwhrsotdby OK  -> 1776583062295_ou8b9eh3rkt.m4a
[2026-09-23T17:06:03.004Z] #655/1708 cmo5foqes0amagxgw6dk9ibud OK  -> 1776583063924_bxuwqt8ob8s.m4a
[2026-09-23T17:06:05.803Z] #658/1708 cmoa5exhj0d7vgxqzt7mzpnvf OK  -> 1776868141320_yi73ydhuoy4.m4a
[2026-09-23T17:06:06.224Z] #661/1708 cmm7r0gvy0atfgxn8cju2ey3q OK  -> 1772369454786_ipdssnsgcz4.m4a
[2026-09-23T17:06:08.999Z] #657/1708 cmo5fomki0am2gxgwoxm2xx2w OK  -> 1776583059018_i8l2caazlew.m4a
[2026-09-23T17:06:11.168Z] #659/1708 cmo562er107ojgxgwbivrwkr2 OK  -> 1776566905948_wtq4zkti0nc.m4a
[2026-09-23T17:06:12.237Z] #662/1708 cmo5folay0alwgxgw5356xkvh OK  -> 1776583057373_5tlcqzfxaps.m4a
[2026-09-23T17:06:14.254Z] #663/1708 cmo562dis07ohgxgwj96bmxmn OK  -> 1776566904383_w7d3emiehi2.m4a
[2026-09-23T17:06:14.370Z] #660/1708 cmo5fontk0am6gxgwz0q02cod OK  -> 1776583060649_kso1l05hjv6.m4a
[2026-09-23T17:06:14.508Z] #664/1708 cmo5foiqt0alsgxgw4s7oc9sm OK  -> 1776583054093_015i266rofp.m4a
[2026-09-23T17:06:16.648Z] #665/1708 cmoa5ew8c0d7tgxqzyh7nlflv OK  -> 1776868139725_dkituurcmyn.m4a
[2026-09-23T17:06:20.230Z] #666/1708 cmo411lkt032egxgwdv6p0wuc OK  -> 1776498003867_el5dajs31vr.m4a
[2026-09-23T17:06:20.520Z] #670/1708 cmm7r0fg60atdgxn8grenlt4q OK  -> 1772369452853_8g7mnwp2guq.m4a
[2026-09-23T17:06:21.381Z] #668/1708 cmo562cax07ofgxgwzjqbemi4 OK  -> 1776566902776_mazr48cs5ir.m4a
[2026-09-23T17:06:22.859Z] #669/1708 cmprtenml0614gx2v758dm0g3 OK  -> 1780113146736_kqg6xbdbmhs.m4a
[2026-09-23T17:06:25.950Z] #667/1708 cmo5fok1n0alugxgwrjikrdwn OK  -> 1776583055703_oq7zpjfar5q.m4a
[2026-09-23T17:06:28.967Z] #674/1708 cmoa5euzj0d7rgxqzf6s1gtxo OK  -> 1776868138047_ir86wc9ahc7.m4a
[2026-09-23T17:06:29.163Z] #671/1708 cmo562b2x07odgxgworpk9aqg OK  -> 1776566901206_ghygvnscl84.m4a
[2026-09-23T17:06:32.324Z] #672/1708 cmo5fohiu0alogxgwyxx4io8j OK  -> 1776583052456_yhl0a0q3g74.m4a
[2026-09-23T17:06:32.502Z] #673/1708 cmo5fog8x0almgxgw6jks8u5h OK  -> 1776583050810_u4mb2h812m8.m4a
[2026-09-23T17:06:35.147Z] #676/1708 cmprtemf10612gx2vimrk7po2 OK  -> 1780113145114_5z6h3wq6omp.m4a
[2026-09-23T17:06:35.340Z] #675/1708 cmo5629vj07o9gxgw4hsad755 OK  -> 1776566899546_x5o3a6ik4kd.m4a
[2026-09-23T17:06:36.446Z] #677/1708 cmo5628ks07o7gxgwipaweoyw OK  -> 1776566898034_hvxny943rla.m4a
[2026-09-23T17:06:40.459Z] #680/1708 cmoa5eshv0d7lgxqzwo2db20x OK  -> 1776868134847_6gwdttop62m.m4a
[2026-09-23T17:06:41.054Z] #678/1708 cmo5foez60alkgxgwb0jj5638 OK  -> 1776583049180_8566g2wy8nq.m4a
[2026-09-23T17:06:41.171Z] #681/1708 cmoa5etp80d7pgxqzibejv817 OK  -> 1776868136488_muq6mezytxm.m4a
[2026-09-23T17:06:41.371Z] #683/1708 cmm7r0dyo0atbgxn8hkolwbtm OK  -> 1772369451102_ju502q6utik.m4a
[2026-09-23T17:06:42.876Z] #682/1708 cmo5focix0alggxgw0gwta5o8 OK  -> 1776583046031_hzr0e5h5sbb.m4a
[2026-09-23T17:06:43.741Z] #679/1708 cmo5fodqa0aligxgw76rr5tc6 OK  -> 1776583047625_hosaca9nzrc.m4a
[2026-09-23T17:06:46.671Z] #684/1708 cmo5fobb20alegxgwk4vee775 OK  -> 1776583044467_k58ly2p1n9l.m4a
[2026-09-23T17:06:48.396Z] #686/1708 cmo5fo8tx0alagxgwzlr6xg5u OK  -> 1776583041222_004h9xbn2w0.m4a
[2026-09-23T17:06:52.850Z] #688/1708 cmo5627f807o5gxgwcid1ncy0 OK  -> 1776566896456_tqhnhp5hj1p.m4a
[2026-09-23T17:06:52.852Z] #689/1708 cmo5fo3xd0al2gxgw5kjjylp7 OK  -> 1776583034870_iccmhfvrgmo.m4a
[2026-09-23T17:06:53.140Z] #685/1708 cmo5foa3a0alcgxgwprwv1u33 OK  -> 1776583042835_78eic1ryw87.m4a
[2026-09-23T17:06:53.653Z] #687/1708 cmo5fo7la0al8gxgw53f91pr9 OK  -> 1776583039675_pclia8l7h1w.m4a
[2026-09-23T17:06:54.162Z] #691/1708 cmo5fo5410al4gxgwa999tubw OK  -> 1776583036488_k9a92dku2i7.m4a
[2026-09-23T17:06:55.443Z] #690/1708 cmo56267707o3gxgw6b8srddx OK  -> 1776566894911_ll5uu2s0d83.m4a
[2026-09-23T17:06:58.564Z] #693/1708 cmoa5er7z0d7jgxqzufeg7sdv OK  -> 1776868133247_q27l6mzptuk.m4a
[2026-09-23T17:07:00.622Z] #697/1708 cmo5fo0a80akugxgw3e1qpxqx OK  -> 1776583030164_k4oyu0rj7lv.m4a
[2026-09-23T17:07:00.912Z] #695/1708 cmo5fo2oq0akygxgw7skx1c75 OK  -> 1776583033270_n5vlv1brq8c.m4a
[2026-09-23T17:07:01.952Z] #696/1708 cmprtel610610gx2vc0sdfkze OK  -> 1780113143514_a008k251gl0.m4a
[2026-09-23T17:07:02.834Z] #694/1708 cmo5fo1go0akwgxgwruentt1e OK  -> 1776583031746_788mxrge6uy.m4a
[2026-09-23T17:07:04.460Z] #698/1708 cmm7r0cmm0at9gxn8daoyaiwu OK  -> 1772369449256_n3wlwt7r5ri.m4a
[2026-09-23T17:07:05.706Z] #692/1708 cmo5fo6e20al6gxgwyucu42bj OK  -> 1776583038006_02j9rbhx8pb.m4a
[2026-09-23T17:07:07.498Z] #699/1708 cmo5fnz250aksgxgweux154ea OK  -> 1776583028566_lnyxifcaw5d.m4a
[2026-09-23T17:07:10.744Z] #701/1708 cmo56250c07nzgxgw6fqj9bnn OK  -> 1776566893389_a8bduqgehiu.m4a
[2026-09-23T17:07:13.328Z] #702/1708 cmo5fnxtl0akqgxgws234g6t7 OK  -> 1776583026984_xqsiu3wnrba.m4a
[2026-09-23T17:07:13.379Z] #700/1708 cmo5fnwlh0akogxgwcwe7fu5r OK  -> 1776583025444_5fh6txqgfqd.m4a
[2026-09-23T17:07:13.878Z] #703/1708 cmo5623u207nxgxgw548p7do3 OK  -> 1776566891845_orgfzwj9zeu.m4a
[2026-09-23T17:07:14.974Z] #705/1708 cmoa5epzy0d7hgxqzt3s2era1 OK  -> 1776868131621_ro3nbx2hwb3.m4a
[2026-09-23T17:07:16.657Z] #704/1708 cmo5fnvew0akmgxgwqtkw29yk OK  -> 1776583023799_wd37wecokp6.m4a
[2026-09-23T17:07:18.179Z] #706/1708 cmprtejxe060ygx2vgywp2ox0 OK  -> 1780113141922_3asf57z9gj6.m4a
[2026-09-23T17:07:21.110Z] #709/1708 cmoa5eoqf0d7fgxqzqqgcfx9f OK  -> 1776868130007_1a38zrzu102.m4a
[2026-09-23T17:07:22.099Z] #707/1708 cmoa5enhh0d7bgxqznsxtmsrz OK  -> 1776868128354_x7i9t2oomoe.m4a
[2026-09-23T17:07:23.881Z] #712/1708 cmm7r0b730at7gxn8ak2xc3oe OK  -> 1772369447383_7itjg9ijvif.m4a
[2026-09-23T17:07:25.429Z] #708/1708 cmo5622m307nvgxgwvm6y0ngl OK  -> 1776566890227_l8i1echgdkh.m4a
[2026-09-23T17:07:28.109Z] #710/1708 cmo5fnu570akkgxgweewtv7lp OK  -> 1776583022178_hyeffbgzmou.m4a
[2026-09-23T17:07:28.127Z] #711/1708 cmo5621dy07ntgxgwos657xjg OK  -> 1776566888604_pk3ggsfqz64.m4a
[2026-09-23T17:07:28.256Z] #713/1708 cmo56203a07nrgxgwnxa5msmx OK  -> 1776566887012_wphmodpffex.m4a
[2026-09-23T17:07:32.479Z] #714/1708 cmoa5em820d77gxqzckdb5osw OK  -> 1776868126724_xyj3uxmysjb.m4a
[2026-09-23T17:07:32.647Z] #716/1708 cmoa5ekyk0d75gxqznqmxmios OK  -> 1776868125126_iwv41z1s7ki.m4a
[2026-09-23T17:07:34.044Z] #718/1708 cmoa5ejqb0d71gxqzwn9rb2q6 OK  -> 1776868123609_vpltfj9ig3y.m4a
[2026-09-23T17:07:35.670Z] #717/1708 cmprteipb060wgx2v47mkb19p OK  -> 1780113140333_pd4ygo5im66.m4a
[2026-09-23T17:07:35.774Z] #719/1708 cmo5fnqc70akegxgw8x2i0epk OK  -> 1776583017267_tca5hn4otwi.m4a
[2026-09-23T17:07:36.810Z] #715/1708 cmo5fnswa0akigxgw9vtw8uj2 OK  -> 1776583020609_4vz9yubllc5.m4a
[2026-09-23T17:07:41.156Z] #723/1708 cmoa5eiju0d6zgxqz0jod2a1z OK  -> 1776868121974_xvvckjda5h1.m4a
[2026-09-23T17:07:42.523Z] #724/1708 cmoa5eh9v0d6xgxqz8wh2wm1e OK  -> 1776868120335_tybaux629cg.m4a
[2026-09-23T17:07:44.429Z] #720/1708 cmo561yw907npgxgw5k2lrrzx OK  -> 1776566885313_i2m5d76j66q.m4a
[2026-09-23T17:07:44.445Z] #725/1708 cmo5fnp480akcgxgwdv65vydf OK  -> 1776583015733_f8erq82l4rg.m4a
[2026-09-23T17:07:46.786Z] #721/1708 cmo5fnroh0akggxgwzne2c4dz OK  -> 1776583018870_gs3y78utkks.m4a
[2026-09-23T17:07:47.732Z] #722/1708 cmo561xl007nngxgwlrsewuv5 OK  -> 1776566883572_kdw18v78ha8.m4a
[2026-09-23T17:07:49.750Z] #727/1708 cmm7r09r10at5gxn8tbt8gd7z OK  -> 1772369445104_xomewkq8dtb.m4a
[2026-09-23T17:07:51.342Z] #726/1708 cmo5fnnwx0akagxgwwlymhxv8 OK  -> 1776583013069_y7evxdf1dni.m4a
[2026-09-23T17:07:53.946Z] #729/1708 cmo561w9407nlgxgw3ss7bel0 OK  -> 1776566882018_eznv2oxadgl.m4a
[2026-09-23T17:07:55.382Z] #732/1708 cmo5fnjdt0ak4gxgw19n9hmm8 OK  -> 1776583008294_djn0hinvrjw.m4a
[2026-09-23T17:07:56.505Z] #728/1708 cmo5fnlvl0ak8gxgwkykwjwr5 OK  -> 1776583011434_2u7f8svqtfk.m4a
[2026-09-23T17:07:57.346Z] #730/1708 cmo411kbg032cgxgw8lvth4aq OK  -> 1776498002241_1pqmh1rok6h.m4a
[2026-09-23T17:07:59.857Z] #734/1708 cmo5fni6o0ak2gxgwnf56zpgq OK  -> 1776583006751_koy9sovt4n3.m4a
[2026-09-23T17:08:00.455Z] #731/1708 cmo5fnkls0ak6gxgwoc5oavhd OK  -> 1776583009854_xgj561rv0ni.m4a
[2026-09-23T17:08:00.489Z] #733/1708 cmoa5eg150d6vgxqzxm775a5l OK  -> 1776868118621_pceagjw263f.m4a
[2026-09-23T17:08:00.629Z] #736/1708 cmo5fnfr00ajygxgw6k3vfesq OK  -> 1776583003625_xb8cz85u0vt.m4a
[2026-09-23T17:08:07.119Z] #738/1708 cmm7r07zu0at3gxn82iyreoyr OK  -> 1772369443321_5skmk2isns5.m4a
[2026-09-23T17:08:07.121Z] #740/1708 cmoa5eepo0d6tgxqz88wwijsx OK  -> 1776868117068_w422m66dhdn.m4a
[2026-09-23T17:08:07.265Z] #737/1708 cmo561v2907njgxgwlfh299kh OK  -> 1776566880386_o2gd65faia0.m4a
[2026-09-23T17:08:09.043Z] #735/1708 cmo5fngz60ak0gxgw3xpyec82 OK  -> 1776583005141_mvl9v0dmnch.m4a
[2026-09-23T17:08:12.380Z] #741/1708 cmo5fneky0ajwgxgwnhh3g89p OK  -> 1776583002002_la1zbggvwdx.m4a
[2026-09-23T17:08:13.686Z] #739/1708 cmo561tsu07nhgxgwzg86042q OK  -> 1776566878813_yg51cs5ulr2.m4a
[2026-09-23T17:08:15.257Z] #743/1708 cmprtehh8060ugx2vmwv77itg OK  -> 1780113138770_sm48nphvbhm.m4a
[2026-09-23T17:08:15.294Z] #745/1708 cmo5fnc2z0ajsgxgwfmxa42ti OK  -> 1776582998843_6y4qpezhd0w.m4a
[2026-09-23T17:08:16.615Z] #744/1708 cmoa5edir0d6rgxqzstdbb3zd OK  -> 1776868115422_nrlrn1f6cpl.m4a
[2026-09-23T17:08:19.970Z] #742/1708 cmo5fndbf0ajugxgwzwv3u8em OK  -> 1776583000393_j80oewh9rma.m4a
[2026-09-23T17:08:22.311Z] #746/1708 cmo561sk907nfgxgwo36se2y5 OK  -> 1776566877122_sxvo1qpb9lm.m4a
[2026-09-23T17:08:28.498Z] #747/1708 cmo5fnavg0ajmgxgw818d3onh OK  -> 1776582997167_rcb5taff6bd.m4a
[2026-09-23T17:08:28.655Z] #749/1708 cmo561ra707nbgxgwlvp955g4 OK  -> 1776566875538_kfcwz2lloa3.m4a
[2026-09-23T17:08:28.659Z] #751/1708 cmoa5ec8m0d6pgxqzlxrdz6g9 OK  -> 1776868113712_eo5bp68v8ti.m4a
[2026-09-23T17:08:28.701Z] #750/1708 cmo5fn73i0ajagxgwyy5nyu0w OK  -> 1776582992310_hsebv6wd1ol.m4a
[2026-09-23T17:08:28.861Z] #748/1708 cmo5fn9li0ajkgxgwphw7ofbd OK  -> 1776582995572_tu0haziri2h.m4a
[2026-09-23T17:08:34.969Z] #755/1708 cmo5fn5v50aj8gxgw8jkk31x0 OK  -> 1776582990823_4q6wlwj41v7.m4a
[2026-09-23T17:08:35.496Z] #752/1708 cmo561q2607n9gxgwyoa14vyu OK  -> 1776566873895_43xclc3yws3.m4a
[2026-09-23T17:08:35.611Z] #754/1708 cmoa5eawx0d6ngxqzqfwu28lb OK  -> 1776868112006_lcosqdkatt0.m4a
[2026-09-23T17:08:36.998Z] #757/1708 cmm7r06m30at1gxn88i7omhez OK  -> 1772369441466_22jluyrxftg.m4a
[2026-09-23T17:08:38.240Z] #756/1708 cmoa5e9ld0d6lgxqz67bw731d OK  -> 1776868109766_pml4iur78z0.m4a
[2026-09-23T17:08:39.808Z] #753/1708 cmo5fn8cv0ajigxgw3vp60aro OK  -> 1776582993934_938li1352oy.m4a
[2026-09-23T17:08:41.291Z] #760/1708 cmo5fn3ho0aj4gxgwubp14x8d OK  -> 1776582987725_dnol8xu1m6j.m4a
[2026-09-23T17:08:42.040Z] #758/1708 cmo411j2g032agxgwq926oz00 OK  -> 1776498000662_i08wxmhqnkb.m4a
[2026-09-23T17:08:43.920Z] #759/1708 cmo5fn2ay0aj2gxgw2z5uhfyu OK  -> 1776582985999_pw4deasel8b.m4a
[2026-09-23T17:08:44.892Z] #761/1708 cmo5fn4p50aj6gxgwyq0fdtjv OK  -> 1776582989250_8b3x4f9h518.m4a
[2026-09-23T17:08:48.563Z] #764/1708 cmo5fn0za0aj0gxgwzc7dg62f OK  -> 1776582984420_i8gszql1x0l.m4a
[2026-09-23T17:08:49.959Z] #762/1708 cmo561osa07n7gxgw7l9y5gxz OK  -> 1776566872266_z1tpq0xy0w3.m4a
[2026-09-23T17:08:50.090Z] #763/1708 cmo5fmzr20aiygxgw12bkhvp6 OK  -> 1776582982748_5k7bnp6mb2u.m4a
[2026-09-23T17:08:52.367Z] #767/1708 cmprteg9u060sgx2vr0tkb5l4 OK  -> 1780113137167_p1302dc6joy.m4a
[2026-09-23T17:08:52.515Z] #765/1708 cmo411hv00328gxgw78yqfmg1 OK  -> 1776497999016_gy16qwew85v.m4a
[2026-09-23T17:08:55.750Z] #766/1708 cmo5fmygj0aiwgxgwdyy40o43 OK  -> 1776582979952_d2bubzp4brg.m4a
[2026-09-23T17:08:55.871Z] #769/1708 cmo5fmv2s0aiqgxgw1760d89r OK  -> 1776582976786_3mltp60s9ym.m4a
[2026-09-23T17:09:00.072Z] #772/1708 cmm7r056p0aszgxn89imals9k OK  -> 1772369439473_6y18idtxb9g.m4a
[2026-09-23T17:09:00.470Z] #768/1708 cmo5fmwb00aisgxgwcgnpfrvi OK  -> 1776582978347_9ok6c2xwfqa.m4a
[2026-09-23T17:09:00.732Z] #770/1708 cmo561niw07n5gxgwg0rgu7a5 OK  -> 1776566870739_4asncp8p8ya.m4a
[2026-09-23T17:09:01.470Z] #771/1708 cmprtef18060qgx2v0ppg8a1f OK  -> 1780113135613_qpn9np06r60.m4a
[2026-09-23T17:09:02.487Z] #773/1708 cmoa5e7vf0d6jgxqz77rwrui9 OK  -> 1776868108151_x0455ieh7jc.m4a
[2026-09-23T17:09:03.879Z] #774/1708 cmo5fmrhl0aiigxgwb2gije14 OK  -> 1776582972072_4ab6xkpyo8f.m4a
[2026-09-23T17:09:08.895Z] #778/1708 cmo5fmsnd0aikgxgwlbs46e2n OK  -> 1776582973704_lam0gtfwdwu.m4a
[2026-09-23T17:09:09.240Z] #775/1708 cmo5fmtvc0aiogxgwdosvfyme OK  -> 1776582975199_vu7y8r77sfe.m4a
[2026-09-23T17:09:11.543Z] #776/1708 cmo5fmq8l0aiagxgwol6jt0hw OK  -> 1776582970470_o9pwse7hu3r.m4a
[2026-09-23T17:09:12.570Z] #779/1708 cmo411gkv0326gxgw9c306anj OK  -> 1776497997409_loe15xb3yy1.m4a
[2026-09-23T17:09:13.848Z] #781/1708 cmoa34hx00cirgxqzpv61rr5p OK  -> 1776864295441_qy7ctlqvkus.m4a
[2026-09-23T17:09:15.516Z] #780/1708 cmoa34gq70cipgxqzqhjabn2q OK  -> 1776864293831_85tw9qrol7r.m4a
[2026-09-23T17:09:15.740Z] #777/1708 cmo561mca07n3gxgwzed21n7v OK  -> 1776566868973_kfxu1cgorte.m4a
[2026-09-23T17:09:17.148Z] #782/1708 cmo5fmozv0ai8gxgw806qobdg OK  -> 1776582968883_u4bq40ajdke.m4a
[2026-09-23T17:09:20.413Z] #784/1708 cmo5fmmjh0ai2gxgwbudb68ki OK  -> 1776582965659_1196ms59iq2.m4a
[2026-09-23T17:09:23.914Z] #785/1708 cmprtedu1060ogx2vmviif6rd OK  -> 1780113134046_anc5bl9apq8.m4a
[2026-09-23T17:09:24.065Z] #786/1708 cmo5fmla40ai0gxgwu6lfvnld OK  -> 1776582964002_99n2nom25mx.m4a
[2026-09-23T17:09:24.078Z] #783/1708 cmo5fmnrp0ai6gxgwxw0li7z7 OK  -> 1776582967276_vog6615jrok.m4a
[2026-09-23T17:09:24.309Z] #787/1708 cmo5fmk090ahwgxgwybz7f7v8 OK  -> 1776582962332_0v248kjhqgd.m4a
[2026-09-23T17:09:26.501Z] #789/1708 cmm7r03nc0asxgxn8q79tgbq2 OK  -> 1772369435420_m8d6i1np2wl.m4a
[2026-09-23T17:09:33.221Z] #788/1708 cmo561kzs07n1gxgw5s9lbx25 OK  -> 1776566867269_5pm2b8oos8f.m4a
[2026-09-23T17:09:33.278Z] #790/1708 cmo5fmhi30ahqgxgwuyfs97y5 OK  -> 1776582959131_ec7vkhmepdi.m4a
[2026-09-23T17:09:33.318Z] #792/1708 cmoa34fhe0cihgxqzofgy7b1g OK  -> 1776864292175_segeszmivga.m4a
[2026-09-23T17:09:33.450Z] #794/1708 cmoa34e7m0cidgxqz2on2uk6m OK  -> 1776864290545_pfe0jf67ojh.m4a
[2026-09-23T17:09:35.412Z] #791/1708 cmo5fmipy0ahsgxgwyt9bwcu0 OK  -> 1776582960762_i4y1qstmx1h.m4a
[2026-09-23T17:09:36.027Z] #793/1708 cmo561jnu07mzgxgwqpybl9dq OK  -> 1776566865698_ctszzbqzqwq.m4a
[2026-09-23T17:09:40.416Z] #797/1708 cmo5fmdrt0ahigxgwx1qi8eq2 OK  -> 1776582954379_af5l0cj0jyx.m4a
[2026-09-23T17:09:46.572Z] #796/1708 cmo5fmezx0ahmgxgwadlbn3nf OK  -> 1776582955929_7l7afn6s6vg.m4a
[2026-09-23T17:09:46.612Z] #801/1708 cmprtecml060mgx2vzxa8prym OK  -> 1780113132399_mi7r5xp73cb.m4a
[2026-09-23T17:09:46.613Z] #795/1708 cmo5fmg8p0ahogxgwm9vfuj73 OK  -> 1776582957514_zobos2gzges.m4a
[2026-09-23T17:09:46.687Z] #800/1708 cmo411fct0324gxgwqflyrakt OK  -> 1776497995829_gyqpjn359id.m4a
[2026-09-23T17:09:46.789Z] #798/1708 cmo5fmcl10ahggxgwqy07m36u OK  -> 1776582952748_yv2r55s1p21.m4a
[2026-09-23T17:09:50.610Z] #799/1708 cmoa34cy40cibgxqzmr2bonly OK  -> 1776864288826_f5j5bns4n2w.m4a
[2026-09-23T17:09:54.715Z] #803/1708 cmm7r00it0asvgxn85ijm8faf OK  -> 1772369433529_dods61yw9lp.m4a
[2026-09-23T17:09:55.575Z] #806/1708 cmo5fm8sa0ahagxgwf4djnrsb OK  -> 1776582947934_k3ojqrtjxb9.m4a
[2026-09-23T17:09:56.860Z] #805/1708 cmo5fmbbk0ahegxgwji7djd0m OK  -> 1776582951136_csdtrt5jjr6.m4a
[2026-09-23T17:09:56.989Z] #802/1708 cmoa34abv0ci7gxqzqhhq08gh OK  -> 1776864285476_0mwhhadb27x.m4a
[2026-09-23T17:09:59.250Z] #807/1708 cmo561igu07mxgxgwno2kum8h OK  -> 1776566864182_1wp7u7cl9vk.m4a
[2026-09-23T17:09:59.375Z] #804/1708 cmoa34bmq0ci9gxqz2pzh8ntr OK  -> 1776864287157_v4aen5mrv6m.m4a
[2026-09-23T17:10:03.767Z] #808/1708 cmo5fma2w0ahcgxgw76zbfear OK  -> 1776582949470_49r0pn4bwed.m4a
[2026-09-23T17:10:03.889Z] #809/1708 cmo561hap07mvgxgwpjqqm251 OK  -> 1776566862527_2d81kifnwaa.m4a
[2026-09-23T17:10:05.213Z] #810/1708 cmo411e4b0322gxgwksq9fhas OK  -> 1776497994287_4sb3joz99e1.m4a
[2026-09-23T17:10:09.934Z] #811/1708 cmo561esk07mpgxgwasxw4lhf OK  -> 1776566859282_w6cd3jnlywg.m4a
[2026-09-23T17:10:11.263Z] #813/1708 cmo5fm7lm0ah8gxgw1rt78as9 OK  -> 1776582946344_azefg43yb3a.m4a
[2026-09-23T17:10:11.923Z] #812/1708 cmo5fm6ds0ah6gxgwcp0q274k OK  -> 1776582944679_ol6son0lfq3.m4a
[2026-09-23T17:10:12.041Z] #815/1708 cmoa3491g0ci5gxqz1ayv4h71 OK  -> 1776864283880_02bbub983yr.m4a
[2026-09-23T17:10:12.061Z] #816/1708 cmprtebcy060kgx2ve1n7w9p5 OK  -> 1780113130833_qqnfepg5283.m4a
[2026-09-23T17:10:12.496Z] #814/1708 cmo561g0x07mtgxgwjob1yw21 OK  -> 1776566860941_att8zei92oo.m4a
[2026-09-23T17:10:17.098Z] #818/1708 cmo5fm53g0ah4gxgw1j1dnnnq OK  -> 1776582943165_ju3vljmc2lb.m4a
[2026-09-23T17:10:20.723Z] #819/1708 cmm7qzz2b0astgxn89b5rnice OK  -> 1772369431553_payzci93pxw.m4a
[2026-09-23T17:10:20.975Z] #820/1708 cmo5fm3xh0ah2gxgw67o3smlg OK  -> 1776582941600_5rbfsody488.m4a
[2026-09-23T17:10:22.891Z] #821/1708 cmo5fm1jp0agygxgwhry5cx5t OK  -> 1776582938406_hb0k5dod74t.m4a
[2026-09-23T17:10:23.087Z] #817/1708 cmo561dhz07mngxgwqbllhwoy OK  -> 1776566857677_8jd39q78kte.m4a
[2026-09-23T17:10:24.173Z] #822/1708 cmoa345d50chzgxqzrrop47dq OK  -> 1776864279134_o1m884xksg5.m4a
[2026-09-23T17:10:26.690Z] #823/1708 cmoa346li0ci1gxqz88a9bqkk OK  -> 1776864280728_xu3tch8ehzi.m4a
[2026-09-23T17:10:28.976Z] #826/1708 cmoa347sr0ci3gxqzib15vlsw OK  -> 1776864282307_pnt6jjigl34.m4a
[2026-09-23T17:10:28.980Z] #825/1708 cmo5fm2pv0ah0gxgwdjvv1t7e OK  -> 1776582940061_mp7ujz1qfvx.m4a
[2026-09-23T17:10:29.094Z] #827/1708 cmo5fm0990agsgxgwcuiyqnd0 OK  -> 1776582936881_domhabfwemx.m4a
[2026-09-23T17:10:31.896Z] #828/1708 cmo561ayo07mjgxgwer3qsmbp OK  -> 1776566854375_mlk6cdupqod.m4a
[2026-09-23T17:10:33.850Z] #824/1708 cmo561c9x07mlgxgwyx17t6db OK  -> 1776566855988_wxaacviv52m.m4a
[2026-09-23T17:10:35.536Z] #832/1708 cmoa3445b0chxgxqzgky8vxft OK  -> 1776864277605_uhi2hxd5iqj.m4a
[2026-09-23T17:10:37.486Z] #829/1708 cmo5flxsc0agogxgwhzp8t4ti OK  -> 1776582933570_04yb5j5ha5p.m4a
[2026-09-23T17:10:37.522Z] #830/1708 cmo5flz2n0agqgxgw0pkm2b9m OK  -> 1776582935204_e3n0qod2gqq.m4a
[2026-09-23T17:10:37.665Z] #834/1708 cmprtea5c060igx2v9jxiugjs OK  -> 1780113129327_0875nx6hkgb.m4a
[2026-09-23T17:10:39.976Z] #833/1708 cmo5619ql07mhgxgws2tt9m82 OK  -> 1776566852852_28qrpe34mh5.m4a
[2026-09-23T17:10:40.862Z] #835/1708 cmm7qzxjc0asrgxn82c5h3kuh OK  -> 1772369429749_oej6ov7r1oj.m4a
[2026-09-23T17:10:41.181Z] #831/1708 cmo5618k307mfgxgwcyanyxee OK  -> 1776566851341_39g6jg9n6tl.m4a
[2026-09-23T17:10:45.126Z] #836/1708 cmo411cx00320gxgwc16oyv5o OK  -> 1776497992711_ksyfsg2lzme.m4a
[2026-09-23T17:10:45.249Z] #838/1708 cmo5fltxe0agigxgwsckk7vnh OK  -> 1776582928690_aamg0rzuzhh.m4a
[2026-09-23T17:10:45.370Z] #839/1708 cmoa342yr0chtgxqz2wbq583n OK  -> 1776864275989_y0gt08glguf.m4a
[2026-09-23T17:10:48.643Z] #840/1708 cmo5flv9f0agkgxgw2339dnp9 OK  -> 1776582930204_oezys2pq8oa.m4a
[2026-09-23T17:10:51.495Z] #837/1708 cmo5617e607mdgxgwncge3yse OK  -> 1776566849680_tcvbushef7b.m4a
[2026-09-23T17:10:52.443Z] #841/1708 cmo5flwir0agmgxgwfrn2yx2g OK  -> 1776582931936_e28r2xcyknf.m4a
[2026-09-23T17:10:55.198Z] #843/1708 cmo5flsr80agggxgwp826djsb OK  -> 1776582926921_az9d6hwxrfh.m4a
[2026-09-23T17:10:56.965Z] #844/1708 cmo56163v07mbgxgw19b2xk9x OK  -> 1776566848138_exiklxzbkbt.m4a
[2026-09-23T17:10:57.097Z] #847/1708 cmo5flovw0agagxgwo8c8c5k6 OK  -> 1776582922086_rk0a5hslamm.m4a
[2026-09-23T17:10:58.508Z] #842/1708 cmo5614x707m9gxgwi2b1gfil OK  -> 1776566846532_yvdzf8f8sfq.m4a
[2026-09-23T17:10:59.481Z] #846/1708 cmo5flq290agcgxgwagypfwv4 OK  -> 1776582923672_qzlp3bv5f8g.m4a
[2026-09-23T17:11:00.955Z] #848/1708 cmprte8zf060ggx2v7hqhixh3 OK  -> 1780113127803_banuzs7ykxn.m4a
[2026-09-23T17:11:01.288Z] #845/1708 cmo5flre50agegxgw2bv7sat0 OK  -> 1776582925194_vs8szz72zul.m4a
[2026-09-23T17:11:04.057Z] #851/1708 cmm7qzw4g0aspgxn891pk0szg OK  -> 1772369427786_xiwg196zx5x.m4a
[2026-09-23T17:11:04.113Z] #850/1708 cmo5flno30ag8gxgwynjcuk7n OK  -> 1776582920379_fdwlqdpclvb.m4a
[2026-09-23T17:11:05.302Z] #852/1708 cmo5612if07m5gxgwr3xsr08v OK  -> 1776566843426_6egj12ppahj.m4a
[2026-09-23T17:11:06.940Z] #853/1708 cmo5613ol07m7gxgwcai1vvri OK  -> 1776566845026_fwhvkh9gkoa.m4a
[2026-09-23T17:11:07.284Z] #849/1708 cmo411bq2031ygxgwbfs4a2t3 OK  -> 1776497991084_3264utv094y.m4a
[2026-09-23T17:11:08.165Z] #854/1708 cmo5flmce0ag6gxgwa7u72qje OK  -> 1776582918753_rbsnycsic1i.m4a
[2026-09-23T17:11:09.455Z] #856/1708 cmprte7t5060egx2vj821jfbz OK  -> 1780113126268_dt68dhny3ad.m4a
[2026-09-23T17:11:10.547Z] #855/1708 cmo5fll2o0ag4gxgwa320o0l7 OK  -> 1776582917050_igj0hmwe355.m4a
[2026-09-23T17:11:11.801Z] #858/1708 cmo56119v07m3gxgwi46drc3y OK  -> 1776566841940_8tw2uyy2xte.m4a
[2026-09-23T17:11:16.314Z] #862/1708 cmm7qzum00asngxn8hzr75txi OK  -> 1772369425926_g63h55anr2q.m4a
[2026-09-23T17:11:16.370Z] #860/1708 cmo560yu707lxgxgw487m68bc OK  -> 1776566838718_rnnjl05rr7g.m4a
[2026-09-23T17:11:16.387Z] #857/1708 cmo56104d07m1gxgwbj5jnrb6 OK  -> 1776566840363_r053ukdfmd1.m4a
[2026-09-23T17:11:16.498Z] #859/1708 cmoa341pm0chlgxqzlq24rynz OK  -> 1776864274358_90jitzv0niq.m4a
[2026-09-23T17:11:20.989Z] #861/1708 cmoa340gp0chjgxqzj3yr7n4n OK  -> 1776864272769_29jnsfsehnx.m4a
[2026-09-23T17:11:21.947Z] #863/1708 cmoa33z8m0chhgxqzqn7x7vlz OK  -> 1776864270988_vtc8tglio8e.m4a
[2026-09-23T17:11:23.466Z] #865/1708 cmo560xlp07lvgxgwwn0opckx OK  -> 1776566837176_0s5807ela05.m4a
[2026-09-23T17:11:25.588Z] #866/1708 cmprte6mr060agx2v9invrphn OK  -> 1780113124570_dpv32mlsna3.m4a
[2026-09-23T17:11:25.764Z] #864/1708 cmo411ahg031wgxgwo1pzk5i7 OK  -> 1776497989514_srqjtx4w40x.m4a
[2026-09-23T17:11:25.893Z] #867/1708 cmoa33vbg0ch3gxqz1f174s11 OK  -> 1776864266076_vqq16kdyj1k.m4a
[2026-09-23T17:11:28.448Z] #869/1708 cmoa33xus0chdgxqzlhbpxrba OK  -> 1776864269365_uly4yoxwfsy.m4a
[2026-09-23T17:11:31.592Z] #870/1708 cmo411992031ugxgwidciqgfh OK  -> 1776497987892_eux34mh4bpi.m4a
[2026-09-23T17:11:32.470Z] #871/1708 cmoa33u2m0ch1gxqzrjjr5hpc OK  -> 1776864264438_2bzpxkq2q2x.m4a
[2026-09-23T17:11:32.608Z] #874/1708 cmm7qzt770aslgxn8neyf19ab OK  -> 1772369422636_zuvm50xjd5w.m4a
[2026-09-23T17:11:33.982Z] #868/1708 cmoa33wlw0ch5gxqzdsm7wn1p OK  -> 1776864267705_15wqk7p1snw.m4a
[2026-09-23T17:11:35.231Z] #872/1708 cmo560wgf07ltgxgwd5fm0hva OK  -> 1776566835596_nzslmvhudr2.m4a
[2026-09-23T17:11:35.480Z] #873/1708 cmoa33rit0cgrgxqz6og3upo7 OK  -> 1776864261065_7a7yzqngxjb.m4a
[2026-09-23T17:11:39.180Z] #875/1708 cmoa33st20cgzgxqz4htw75z5 OK  -> 1776864262772_n4gorybtbt3.m4a
[2026-09-23T17:11:40.249Z] #880/1708 cmm7qzqnk0asjgxn8pl35wzmz OK  -> 1772369420808_kkceffhe3me.m4a
[2026-09-23T17:11:41.405Z] #879/1708 cmoa33q7j0cgngxqzq6cwev7o OK  -> 1776864259467_ksge36hurae.m4a
[2026-09-23T17:11:41.624Z] #878/1708 cmprte5bd0608gx2v58v8vb5x OK  -> 1780113123013_m3qhjt62jgt.m4a
[2026-09-23T17:11:45.196Z] #877/1708 cmo411801031sgxgwau2lteqo OK  -> 1776497986305_af1mhib9ke5.m4a
[2026-09-23T17:11:47.095Z] #883/1708 cmprte4410606gx2vsir7c6od OK  -> 1780113121430_78iorm75tmo.m4a
[2026-09-23T17:11:47.290Z] #881/1708 cmoa33oud0cglgxqz9cvwv0wh OK  -> 1776864257752_thmsop4knvw.m4a
[2026-09-23T17:11:47.392Z] #876/1708 cmo560v8n07llgxgwk6uogubr OK  -> 1776566833979_fbix1wk3eax.m4a
[2026-09-23T17:11:52.194Z] #882/1708 cmo560tyv07ljgxgwunb7gb67 OK  -> 1776566832302_zo45joton1j.m4a
[2026-09-23T17:11:52.486Z] #884/1708 cmoa33nnd0cghgxqzmxonj2nv OK  -> 1776864255956_aw997tjtmru.m4a
[2026-09-23T17:11:54.341Z] #887/1708 cmoa33kya0cg7gxqza5tkp1yb OK  -> 1776864252611_ay7a1m7tznv.m4a
[2026-09-23T17:11:54.582Z] #885/1708 cmo4116s7031qgxgwejkcrdt9 OK  -> 1776497984721_ph9dtzydfao.m4a
[2026-09-23T17:11:57.156Z] #889/1708 cmm7qzp7w0ashgxn8kgxnig0u OK  -> 1772369418933_ees7neu5vb5.m4a
[2026-09-23T17:11:58.256Z] #886/1708 cmoa33m9b0cgbgxqz7jy09o1l OK  -> 1776864254264_z7dx7duy20j.m4a
[2026-09-23T17:11:59.777Z] #888/1708 cmo560spi07lfgxgwxugxtyys OK  -> 1776566830674_7v1fhtm9mtb.m4a
[2026-09-23T17:12:00.074Z] #891/1708 cmprte2w50604gx2vsyl46e7v OK  -> 1780113119889_ca1meexjvxu.m4a
[2026-09-23T17:12:01.066Z] #892/1708 cmo560rfn07ldgxgwrux338y5 OK  -> 1776566829094_li0yu7d1hc9.m4a
[2026-09-23T17:12:02.084Z] #893/1708 cmoa33joa0cg3gxqzslicktqc OK  -> 1776864251048_t1hxt5mw86j.m4a
[2026-09-23T17:12:03.718Z] #890/1708 cmo4115k6031ogxgwgrug9u3a OK  -> 1776497983006_ivkbn8yrast.m4a
[2026-09-23T17:12:04.299Z] #895/1708 cmm7qzns40asfgxn8wjk6gsrd OK  -> 1772369417146_f04lttfnxtw.m4a
[2026-09-23T17:12:04.833Z] #894/1708 cmo560q8c07lbgxgw3ukwo9eu OK  -> 1776566827636_y1wy5yqwtym.m4a
[2026-09-23T17:12:07.725Z] #896/1708 cmo560p3l07l9gxgwmafij0f1 OK  -> 1776566826064_6wjtpk2o7it.m4a
[2026-09-23T17:12:09.989Z] #901/1708 cmprte1pg0602gx2v4q32shap OK  -> 1780113118241_5pa3wjs2q2a.m4a
[2026-09-23T17:12:11.471Z] #900/1708 cmoa33h6u0cfzgxqz9u8me3tq OK  -> 1776864247729_nzn77fm218u.m4a
[2026-09-23T17:12:13.678Z] #899/1708 cmo41148j031mgxgwnnegbrql OK  -> 1776497981381_4zdv02rhl6n.m4a
[2026-09-23T17:12:14.220Z] #903/1708 cmm7qzmf50asdgxn8jnb5ur44 OK  -> 1772369415447_a59r7f96xc6.m4a
[2026-09-23T17:12:15.946Z] #898/1708 cmoa33ih90cg1gxqzkofddkue OK  -> 1776864249390_fbxtrjot3ey.m4a
[2026-09-23T17:12:16.160Z] #897/1708 cmo560nwc07l7gxgwh4g656l4 OK  -> 1776566824328_ho0z2unp6ot.m4a
[2026-09-23T17:12:16.912Z] #902/1708 cmo560mjo07l5gxgwkwnwtvva OK  -> 1776566822789_hlupxmwimri.m4a
[2026-09-23T17:12:21.354Z] #909/1708 cmm7qzl400asbgxn8g7qmt2e3 OK  -> 1772369413720_8uynciyprpe.m4a
[2026-09-23T17:12:21.724Z] #904/1708 cmo560lcx07l3gxgwkmjsnbz5 OK  -> 1776566821257_5n3g5254voe.m4a
[2026-09-23T17:12:22.562Z] #908/1708 cmo560k5d07kzgxgw5u5f8li3 OK  -> 1776566819719_gaqve9qf9pu.m4a
[2026-09-23T17:12:23.652Z] #907/1708 cmprte0ff0600gx2vqcalob3q OK  -> 1780113116724_rnvlj4fiztk.m4a
[2026-09-23T17:12:24.960Z] #905/1708 cmo4112zp031kgxgw6q4tmsfq OK  -> 1776497979801_ulv87cf6uvg.m4a
[2026-09-23T17:12:28.132Z] #911/1708 cmoa33ej90cftgxqzr4eclw8m OK  -> 1776864244304_noskgppyeqh.m4a
[2026-09-23T17:12:28.152Z] #906/1708 cmoa33fuy0cfvgxqzeucdphal OK  -> 1776864245953_4n8wi81cr9d.m4a
[2026-09-23T17:12:29.751Z] #910/1708 cmo560izc07kxgxgwf2jptdvt OK  -> 1776566818163_auzmvv3j9df.m4a
[2026-09-23T17:12:29.922Z] #914/1708 cmprtdz9405zygx2vryjtd1w3 OK  -> 1780113115142_sl8b070abo8.m4a
[2026-09-23T17:12:34.277Z] #913/1708 cmo560hs907kvgxgwwjhqy0ce OK  -> 1776566816612_li3lp3knxoy.m4a
[2026-09-23T17:12:34.323Z] #916/1708 cmm7qzjrs0as7gxn8zr9ykxyy OK  -> 1772369411891_sihc54zsdq7.m4a
[2026-09-23T17:12:34.374Z] #912/1708 cmo4111rk031igxgw4okdvwam OK  -> 1776497978176_fvbl5sw6wny.m4a
[2026-09-23T17:12:34.497Z] #915/1708 cmoa33d9o0cfrgxqzih5c4vt8 OK  -> 1776864242519_ouzwpv20d8v.m4a
[2026-09-23T17:12:34.754Z] #917/1708 cmo560fc607kpgxgwjsu1mkp4 OK  -> 1776566813493_x2x98h9dmwa.m4a
[2026-09-23T17:12:40.077Z] #918/1708 cmo560glg07ktgxgwi24evzj0 OK  -> 1776566815008_ykmluw7j56k.m4a
[2026-09-23T17:12:41.371Z] #922/1708 cmm7qzicy0as5gxn8ij6bxwxd OK  -> 1772369410087_3uz0fxkpzev.m4a
[2026-09-23T17:12:41.716Z] #920/1708 cmprtdy1f05zugx2v1ywagfob OK  -> 1780113113245_um9jmsgqjpu.m4a
[2026-09-23T17:12:42.556Z] #919/1708 cmo4110if031ggxgwxrhs2qqz OK  -> 1776497976634_zkks60sigdn.m4a
[2026-09-23T17:12:43.921Z] #923/1708 cmo8qh0mj08zwgxqztfvhbdq4 OK  -> 1776782578263_fqeowgg9aet.m4a
[2026-09-23T17:12:47.134Z] #926/1708 cmprtdwks05zsgx2v37646d90 OK  -> 1780113111728_3esa2y9s8m9.m4a
[2026-09-23T17:12:50.413Z] #924/1708 cmo410zbm031egxgwv0ydbhji OK  -> 1776497975009_oh9sw9srjox.m4a
[2026-09-23T17:12:51.420Z] #927/1708 cmo560e6s07kngxgwy7v1pnpi OK  -> 1776566811969_vyl269aw9uf.m4a
[2026-09-23T17:12:51.741Z] #925/1708 cmo560czz07klgxgwykn0qpha OK  -> 1776566810314_2pyto9sdx0n.m4a
[2026-09-23T17:12:52.198Z] #928/1708 cmo8qgy3k08zsgxqzu9ro062q OK  -> 1776782575035_w0fpdc1eay2.m4a
[2026-09-23T17:12:54.507Z] #921/1708 cmmamnn950iz2gxn8hgluuhyc OK  -> 1772543536362_cwyiiil94u5.m4a
[2026-09-23T17:12:55.749Z] #930/1708 cmm7qzgza0as3gxn8zvcoe97b OK  -> 1772369408221_obvwilq54oj.m4a
[2026-09-23T17:12:57.323Z] #929/1708 cmo560bpx07kjgxgwe2bmbll4 OK  -> 1776566808778_velcjryimub.m4a
[2026-09-23T17:13:01.122Z] #934/1708 cmprtdvem05zqgx2vba6lamo8 OK  -> 1780113110162_cvpsc7435ay.m4a
[2026-09-23T17:13:03.342Z] #935/1708 cmo410y14031cgxgwr2iiqe4b OK  -> 1776497973290_xnwqjbsfzkn.m4a
[2026-09-23T17:13:03.512Z] #931/1708 cmo8qgzd208zugxqzjx28txrm OK  -> 1776782576639_9sod1gatp8m.m4a
[2026-09-23T17:13:05.575Z] #936/1708 cmo8qgwuv08zqgxqz4a86w02q OK  -> 1776782573513_b6u1ue3dq22.m4a
[2026-09-23T17:13:05.912Z] #933/1708 cmo560ah807khgxgwds5kg5ba OK  -> 1776566807060_sc91unc69y4.m4a
[2026-09-23T17:13:08.247Z] #938/1708 cmm7qzfj50as1gxn8wucwhb14 OK  -> 1772369406401_7tawl4xl1so.m4a
[2026-09-23T17:13:09.763Z] #932/1708 cmmamnlo70iz0gxn8tqw8f46a OK  -> 1772543534340_jkea9wyjn88.m4a
[2026-09-23T17:13:11.271Z] #941/1708 cmo8qgugi08zmgxqzr2xui38d OK  -> 1776782570368_fmfyui43n6z.m4a
[2026-09-23T17:13:13.487Z] #939/1708 cmo56098b07kfgxgwpkl9lhqd OK  -> 1776566805411_yziykv6fmcx.m4a
[2026-09-23T17:13:13.679Z] #940/1708 cmo8qgvow08zogxqzbfx7ap1q OK  -> 1776782571913_z6driw3xv44.m4a
[2026-09-23T17:13:16.189Z] #943/1708 cmo8qgt9r08zkgxqz6pa7dknv OK  -> 1776782568842_mbcrt4hu3n4.m4a
[2026-09-23T17:13:16.522Z] #944/1708 cmprtdu7305zogx2vcd6nhdmo OK  -> 1780113108581_e6j04pzib9i.m4a
[2026-09-23T17:13:18.399Z] #942/1708 cmo5607y707kdgxgwy9bk03j7 OK  -> 1776566803788_oqumz5dbmoi.m4a
[2026-09-23T17:13:20.165Z] #937/1708 cmmamnk440iyygxn8qj55fxie OK  -> 1772543532243_umi2s97n8i3.m4a
[2026-09-23T17:13:20.425Z] #945/1708 cmo8qgs3108zigxqzh5e036sp OK  -> 1776782567257_l66sjge4xm1.m4a
[2026-09-23T17:13:21.462Z] #946/1708 cmo410wqr031agxgwkli93p5g OK  -> 1776497971711_lr4noqxhv5z.m4a
[2026-09-23T17:13:22.232Z] #947/1708 cmo8qgqve08zggxqz0yxa9la2 OK  -> 1776782565684_056w2q8mqlt.m4a
[2026-09-23T17:13:24.585Z] #950/1708 cmm7qze4m0arzgxn8uh777ie9 OK  -> 1772369404464_bmad2ro7l1y.m4a
[2026-09-23T17:13:27.266Z] #952/1708 cmprtdszj05zmgx2vnoxu18b0 OK  -> 1780113107042_iugxr6ak7uw.m4a
[2026-09-23T17:13:29.043Z] #949/1708 cmo5606om07k9gxgwob22reti OK  -> 1776566802195_h9hg0qhyv7j.m4a
[2026-09-23T17:13:29.126Z] #953/1708 cmo410vim0316gxgwf8dd2h4t OK  -> 1776497969981_ro9l31ifqw4.m4a
[2026-09-23T17:13:29.334Z] #951/1708 cmo5605gx07k3gxgwbznh7kbl OK  -> 1776566800636_hfvaw60hfgz.m4a
[2026-09-23T17:13:35.581Z] #957/1708 cmo56030007jzgxgwih836el6 OK  -> 1776566797503_h5itwjpl6c2.m4a
[2026-09-23T17:13:35.767Z] #954/1708 cmo56049m07k1gxgwsmacdmtp OK  -> 1776566799009_s33uz3ysal6.m4a
[2026-09-23T17:13:35.988Z] #955/1708 cmo8qgpn008zegxqzehal2pjr OK  -> 1776782564058_t17t3sqpw35.m4a
[2026-09-23T17:13:37.248Z] #958/1708 cmo5601ui07jxgxgw9m65ohrn OK  -> 1776566795934_4vifbv70ilx.m4a
[2026-09-23T17:13:38.893Z] #956/1708 cmo8qgoev08zcgxqzsfxte5mc OK  -> 1776782562488_aiok688d8mh.m4a
[2026-09-23T17:13:39.072Z] #948/1708 cmmamnihr0iywgxn8ydg11cb5 OK  -> 1772543529857_3uvfwpq82ur.m4a
[2026-09-23T17:13:40.198Z] #959/1708 cmm7qzcm80arxgxn87to5j1ix OK  -> 1772369402651_eaj7z89wqic.m4a
[2026-09-23T17:13:47.473Z] #961/1708 cmo5600mo07jvgxgwn2j5suws OK  -> 1776566794324_p4g8u7e9xy9.m4a
[2026-09-23T17:13:47.546Z] #965/1708 cmprtdrsh05zkgx2vmxgkm4ni OK  -> 1780113105496_qe6w6eh1anz.m4a
[2026-09-23T17:13:49.056Z] #963/1708 cmo410u6a0314gxgwgs9rubbs OK  -> 1776497968244_0pci2xhdjjz.m4a
[2026-09-23T17:13:52.192Z] #967/1708 cmm7qzb7u0arpgxn8ofp146yb OK  -> 1772369400695_82vvr0brun9.m4a
[2026-09-23T17:13:53.487Z] #964/1708 cmo8qgn6o08zagxqz39ijqi9g OK  -> 1776782560822_eu55dga5llz.m4a
[2026-09-23T17:13:57.801Z] #960/1708 cmmamngmp0iyugxn8f823r7d9 OK  -> 1772543527722_herifx5pd8n.m4a
[2026-09-23T17:13:59.920Z] #966/1708 cmo8qglw308z8gxqzmpkqxz4z OK  -> 1776782559188_jo0wd21lbfy.m4a
[2026-09-23T17:14:00.353Z] #970/1708 cmo55zww807jpgxgwbk208983 OK  -> 1776566789535_jwkf7z3tj4v.m4a
[2026-09-23T17:14:01.199Z] #962/1708 cmo55zze307jtgxgw9vk31gag OK  -> 1776566792580_w2y2gt8mix9.m4a
[2026-09-23T17:14:04.136Z] #969/1708 cmo410sui0312gxgwu9qvus4i OK  -> 1776497966597_0qsjhnz49it.m4a
[2026-09-23T17:14:04.635Z] #971/1708 cmo55zy1x07jrgxgwatra53ik OK  -> 1776566791072_41j405xfcsw.m4a
[2026-09-23T17:14:07.802Z] #972/1708 cmo410rkt0310gxgw3u4ca558 OK  -> 1776497965012_x2rngn2vqzp.m4a
[2026-09-23T17:14:08.103Z] #968/1708 cmmamnf090iyqgxn8ibf9rx3w OK  -> 1772543525638_zrcycwls0ki.m4a
[2026-09-23T17:14:09.782Z] #975/1708 cmprtdqlb05zigx2vc1yowwd3 OK  -> 1780113103954_hj29ffftpnt.m4a
[2026-09-23T17:14:10.537Z] #974/1708 cmo8qgkn408z6gxqzq1wjb6oj OK  -> 1776782557622_c7or1d8oi0s.m4a
[2026-09-23T17:14:11.471Z] #977/1708 cmm7qz9p70arngxn8eurxlhyf OK  -> 1772369398880_6phd53lbfyg.m4a
[2026-09-23T17:14:13.399Z] #973/1708 cmo55zvoz07jngxgwey5fzv08 OK  -> 1776566787845_hxgx080j3ap.m4a
[2026-09-23T17:14:15.681Z] #979/1708 cmo8qgi6308z2gxqz2i7ox2at OK  -> 1776782554458_9wbyqq5ewks.m4a
[2026-09-23T17:14:15.867Z] #978/1708 cmo8qgjfl08z4gxqzqlnovzd5 OK  -> 1776782556003_ybup83e3wx8.m4a
[2026-09-23T17:14:18.020Z] #980/1708 cmprtdpeo05zggx2vo4fidx5p OK  -> 1780113102064_vjxta5d0hsm.m4a
[2026-09-23T17:14:18.164Z] #982/1708 cmo8qggzi08z0gxqz3rnwz1jp OK  -> 1776782552914_nbd41cfm0er.m4a
[2026-09-23T17:14:22.989Z] #981/1708 cmo410qcv030wgxgweb2f9x83 OK  -> 1776497963385_zkiqi0fh54d.m4a
[2026-09-23T17:14:23.270Z] #984/1708 cmo55zudx07jlgxgwbkvqlqd4 OK  -> 1776566786224_fnslbsas8sd.m4a
[2026-09-23T17:14:23.538Z] #983/1708 cmo8qgfsl08yygxqz3fo7q4vu OK  -> 1776782551355_llowefxpagm.m4a
[2026-09-23T17:14:24.375Z] #976/1708 cmmamnde70iyogxn8unf8wxk3 OK  -> 1772543523521_86clc1nhdkr.m4a
[2026-09-23T17:14:28.757Z] #987/1708 cmm7qz8an0arlgxn82avh3jeg OK  -> 1772369396964_m0avtyrgkc1.m4a
[2026-09-23T17:14:30.672Z] #988/1708 cmo55zrvp07jhgxgwaa6d6vdt OK  -> 1776566783072_u51oow3vq1l.m4a
[2026-09-23T17:14:30.829Z] #986/1708 cmo8qgell08ywgxqz4cm7f34m OK  -> 1776782549650_nnywz6yoqii.m4a
[2026-09-23T17:14:30.958Z] #989/1708 cmo55zqq107jfgxgwz4azjsj0 OK  -> 1776566781499_l319wzcrr77.m4a
[2026-09-23T17:14:32.860Z] #985/1708 cmo55zt5807jjgxgwviic59q8 OK  -> 1776566784591_xdl1niut2o8.m4a
[2026-09-23T17:14:34.644Z] #991/1708 cmprtdny605zegx2vopmv0voz OK  -> 1780113100492_p2bdz24s3cm.m4a
[2026-09-23T17:14:38.594Z] #995/1708 cmo8qg8en08ymgxqz502s5rh9 OK  -> 1776782541797_26l5vyr2s68.m4a
[2026-09-23T17:14:40.461Z] #994/1708 cmo8qg9ms08yogxqzurxgonif OK  -> 1776782543326_cxo941gwpm9.m4a
[2026-09-23T17:14:40.605Z] #992/1708 cmo410p3u030ugxgw4kayhbjj OK  -> 1776497961783_84hs78m87nh.m4a
[2026-09-23T17:14:41.086Z] #996/1708 cmo8qgda208yugxqzbwluvqph OK  -> 1776782548094_i8xoxdibtea.m4a
[2026-09-23T17:14:43.085Z] #993/1708 cmo8qgc2y08ysgxqzwhep7q70 OK  -> 1776782546497_hhge58s3yi7.m4a
[2026-09-23T17:14:44.899Z] #990/1708 cmmamnbri0iymgxn8prhk9hvh OK  -> 1772543520310_uvczeyeqwz8.m4a
[2026-09-23T17:14:47.129Z] #998/1708 cmo8qg77x08yigxqzh4top84x OK  -> 1776782540311_p22hcnershx.m4a
[2026-09-23T17:14:47.268Z] #997/1708 cmo8qgaub08yqgxqz4gbfsf92 OK  -> 1776782544923_aspimln90xg.m4a
[2026-09-23T17:14:49.044Z] #1002/1708 cmm7qz6tx0arhgxn82f6cieio OK  -> 1772369394926_enro8yug5wj.m4a
[2026-09-23T17:14:52.834Z] #1001/1708 cmo8qg63408yagxqzr2fk2ebq OK  -> 1776782538706_25vrt7y7ivh.m4a
[2026-09-23T17:14:52.950Z] #1004/1708 cmo8qg4tw08y8gxqzavu10pxn OK  -> 1776782537174_w8ktch77xng.m4a
[2026-09-23T17:14:55.053Z] #1000/1708 cmo55zphj07jdgxgwe0sbtbhi OK  -> 1776566779817_bp1oelzkppp.m4a
[2026-09-23T17:14:57.466Z] #999/1708 cmmamn9af0iykgxn8ky4ilz8s OK  -> 1772543517893_eynn4ya29b0.m4a
[2026-09-23T17:15:00.470Z] #1007/1708 cmprtdmqj05zcgx2vufaqesjh OK  -> 1780113098936_vvx3712q8ne.m4a
[2026-09-23T17:15:00.719Z] #1006/1708 cmo8qg3nn08y6gxqz54ylh8rf OK  -> 1776782535504_rw7hiky9wif.m4a
[2026-09-23T17:15:02.284Z] #1008/1708 cmo8qg2d208y2gxqzhx6zob8w OK  -> 1776782533871_zotgfazk4e1.m4a
[2026-09-23T17:15:02.484Z] #1005/1708 cmo55zo6h07jbgxgwlcwizma2 OK  -> 1776566778112_myjhsr0gre8.m4a
[2026-09-23T17:15:04.928Z] #1009/1708 cmo410nu3030sgxgwnuatzjll OK  -> 1776497960074_x00h625k0i7.m4a
[2026-09-23T17:15:05.813Z] #1013/1708 cmmamn5r40iyggxn85nxn72vc OK  -> 1772543513565_nnuny6edwu4.m4a
[2026-09-23T17:15:07.938Z] #1012/1708 cmm7qz5970arfgxn857g3yix7 OK  -> 1772369393053_mwdxliw7qyf.m4a
[2026-09-23T17:15:08.003Z] #1003/1708 cmmamn7ey0iyigxn87kq2t4ha OK  -> 1772543515767_fm1p07y15k3.m4a
[2026-09-23T17:15:08.147Z] #1010/1708 cmo8qg13p08y0gxqzqme4243x OK  -> 1776782532287_72pi96txjg2.m4a
[2026-09-23T17:15:11.820Z] #1011/1708 cmo55zmta07j7gxgw72qr3am4 OK  -> 1776566776318_obi2bk0yv2m.m4a
[2026-09-23T17:15:13.323Z] #1014/1708 cmo8qfzvx08xygxqzp6yf5i18 OK  -> 1776782530667_ymtj7cyh5v1.m4a
[2026-09-23T17:15:14.763Z] #1016/1708 cmo8qfymg08xogxqzkxdpp0qd OK  -> 1776782529064_l8p16q7q8un.m4a
[2026-09-23T17:15:15.714Z] #1015/1708 cmprtdlj805zagx2vp83ileqv OK  -> 1780113097346_1dqajw4crx2.m4a
[2026-09-23T17:15:15.757Z] #1017/1708 cmo410mk3030qgxgwi4u2hl4u OK  -> 1776497958438_mddurwcph8t.m4a
[2026-09-23T17:15:15.826Z] #1018/1708 cmo8qfxem08xigxqzckt80g0r OK  -> 1776782527564_2d2hcc9e0m9.m4a
[2026-09-23T17:15:17.304Z] #1020/1708 cmm7qypca0ar9gxn8ap5hasex OK  -> 1772369372491_6enmzbcfggs.m4a
[2026-09-23T17:15:17.410Z] #1019/1708 cmo8qfw8o08xggxqzb37vhqdb OK  -> 1776782526041_3c9j88lq6kr.m4a
[2026-09-23T17:15:19.097Z] #1021/1708 cmo8qfv2q08xegxqzgovu380i OK  -> 1776782524488_0x9qsp3x165.m4a
[2026-09-23T17:15:22.086Z] #1023/1708 cmo55zlia07j5gxgw8gucoudy OK  -> 1776566774809_odchulknnnj.m4a
[2026-09-23T17:15:23.485Z] #1027/1708 cmm7qynxw0ar7gxn8989zx266 OK  -> 1772369370410_j3ovtknpf36.m4a
[2026-09-23T17:15:23.665Z] #1024/1708 cmo410l9t030ogxgwvxdk8r2i OK  -> 1776497956831_f4iv9nsinou.m4a
[2026-09-23T17:15:25.213Z] #1025/1708 cmprtdkay05z8gx2v6hkajobp OK  -> 1780113095799_swwb3p62eg4.m4a
[2026-09-23T17:15:25.345Z] #1022/1708 cmo55zkc907j3gxgwn46dqyqw OK  -> 1776566773275_yr3y7hw4siq.m4a
[2026-09-23T17:15:26.977Z] #1026/1708 cmo55zj5i07j1gxgwkxzzxbva OK  -> 1776566771746_5a2hcmwuii8.m4a
[2026-09-23T17:15:30.748Z] #1032/1708 cmprtdj3x05z6gx2v5vlkps7i OK  -> 1780113094254_b0pde627yrr.m4a
[2026-09-23T17:15:30.848Z] #1029/1708 cmo55zhyn07izgxgwsybsyibb OK  -> 1776566770135_nkh2sdktpwl.m4a
[2026-09-23T17:15:31.070Z] #1028/1708 cmo8qfslm08xagxqz4w96xwqc OK  -> 1776782521213_uecyyghnwey.m4a
[2026-09-23T17:15:32.185Z] #1030/1708 cmo8qftv308xcgxqzcfym0q05 OK  -> 1776782522855_epl91z439ym.m4a
[2026-09-23T17:15:34.120Z] #1031/1708 cmo8qfrc008x8gxqzjjufbdpw OK  -> 1776782519469_r03i71uup83.m4a
[2026-09-23T17:15:35.086Z] #1033/1708 cmo55zgqe07ixgxgw2ai0kinl OK  -> 1776566768636_8k5w1hib04i.m4a
[2026-09-23T17:15:36.067Z] #1036/1708 cmm7qymc50ar5gxn8kcom3wdu OK  -> 1772369367554_9lzv591s814.m4a
[2026-09-23T17:15:37.159Z] #1035/1708 cmo8qfpzc08x4gxqzwzslzydm OK  -> 1776782517855_bnnovqumchg.m4a
[2026-09-23T17:15:37.333Z] #1037/1708 cmo8qfoqj08x2gxqz9rv0192h OK  -> 1776782516289_wj8dwc65yis.m4a
[2026-09-23T17:15:39.718Z] #1034/1708 cmo410jz4030mgxgwxihgd0d8 OK  -> 1776497954975_4j1brv6g2vc.m4a
[2026-09-23T17:15:40.480Z] #1038/1708 cmprpx99w05migx2vqbgjtjf6 OK  -> 1780107296130_o8bxw1ayjao.m4a
[2026-09-23T17:15:42.029Z] #1042/1708 cmobia0cr0gmugxqzo3u4wki0 OK  -> 1776950213039_v0felw852ph.m4a
[2026-09-23T17:15:43.048Z] #1040/1708 cmo55zfkg07ivgxgwgh0yqe7y OK  -> 1776566767058_v3khajllrx5.m4a
[2026-09-23T17:15:43.931Z] #1041/1708 cmo55zecz07itgxgwa73dzvwm OK  -> 1776566765507_rxq96k7i5ws.m4a
[2026-09-23T17:15:45.965Z] #1044/1708 cmobi9z5q0gmsgxqzxzmeoihv OK  -> 1776950211495_5ubwttd986u.m4a
[2026-09-23T17:15:48.019Z] #1039/1708 cmobia1nt0gmwgxqzns09a7p7 OK  -> 1776950214594_aabc6ylt312.m4a
[2026-09-23T17:15:48.119Z] #1045/1708 cmobi9xzi0gmqgxqzlmi0yydl OK  -> 1776950209963_no0w2jztsq7.m4a
[2026-09-23T17:15:49.632Z] #1043/1708 cmo4ds8oj04pggxgwecjnwy5w OK  -> 1776519402260_bdcv3248s17.m4a
[2026-09-23T17:15:53.346Z] #1046/1708 cmobi9ws00gmogxqzd7ayf6d2 OK  -> 1776950208212_ch9zb7jxglk.m4a
[2026-09-23T17:15:54.715Z] #1047/1708 cmo55zd5h07irgxgw9f0vsbk9 OK  -> 1776566763922_aqd7b8bm3hm.m4a
[2026-09-23T17:15:55.853Z] #1051/1708 cmo55zapf07ifgxgwevd5ig0q OK  -> 1776566760796_s5bqgfwris1.m4a
[2026-09-23T17:15:55.936Z] #1048/1708 cmobi9vg60gmmgxqzoe3suq2x OK  -> 1776950206594_c8ati66bri6.m4a
[2026-09-23T17:15:58.513Z] #1050/1708 cmo4ds7fl04pegxgwwcejxwvo OK  -> 1776519400764_rdb0d96xhym.m4a
[2026-09-23T17:15:59.746Z] #1052/1708 cmprpx81s05mggx2v8lsex756 OK  -> 1780107294518_znnfpo8tmx6.m4a
[2026-09-23T17:16:01.996Z] #1049/1708 cmo55zbxf07ipgxgwvfcifmad OK  -> 1776566762327_q9qd35gm15x.m4a
[2026-09-23T17:16:02.792Z] #1055/1708 cmobi9swg0gmigxqzmgprilgj OK  -> 1776950203296_2elhungqrea.m4a
[2026-09-23T17:16:03.636Z] #1056/1708 cmprpx6t905megx2v9ejdjq7w OK  -> 1780107292905_ono59to3od9.m4a
[2026-09-23T17:16:07.220Z] #1053/1708 cmobi9u7d0gmkgxqzkmoqatxz OK  -> 1776950204943_chwm8l2wj7s.m4a
[2026-09-23T17:16:07.452Z] #1054/1708 cmo55z9hk07idgxgwne09kjgs OK  -> 1776566759165_kqfmqvf13xp.m4a
[2026-09-23T17:16:08.943Z] #1058/1708 cmobi9ro80gmggxqz5unugi9c OK  -> 1776950201768_yetyirkbwmf.m4a
[2026-09-23T17:16:09.041Z] #1057/1708 cmo55z89f07ibgxgws2z3mzsz OK  -> 1776566757600_iwo289li2n6.m4a
[2026-09-23T17:16:10.882Z] #1060/1708 cmo4ds6a404pcgxgwqerdfy2j OK  -> 1776519399172_wyq5lsgltad.m4a
[2026-09-23T17:16:14.204Z] #1061/1708 cmobi9qgp0gmegxqzynh6np7i OK  -> 1776950199777_a5e6el49ani.m4a
[2026-09-23T17:16:14.391Z] #1059/1708 cmo55z72407i9gxgw5y5904q0 OK  -> 1776566755877_bv49aaejbj9.m4a
[2026-09-23T17:16:17.453Z] #1062/1708 cmo55z5ox07i7gxgwuf73y4tm OK  -> 1776566754212_zsvoub4z6gl.m4a
[2026-09-23T17:16:19.647Z] #1065/1708 cmobi9mdj0gm8gxqzu4knk1hp OK  -> 1776950194910_3g7rjyhhifp.m4a
[2026-09-23T17:16:19.817Z] #1063/1708 cmobi9ows0gmcgxqzx35as2pk OK  -> 1776950198053_e5n2p87w96a.m4a
[2026-09-23T17:16:20.197Z] #1064/1708 cmobi9nm20gmagxqz2lnz3ru9 OK  -> 1776950196444_20y1wo6m9ck.m4a
[2026-09-23T17:16:21.171Z] #1066/1708 cmobi9l640gm6gxqzfnx6yhjh OK  -> 1776950193329_99i8116kh2f.m4a
[2026-09-23T17:16:23.401Z] #1067/1708 cmo55z4fd07i3gxgwy89waju9 OK  -> 1776566752529_bkuyf9jvlyp.m4a
[2026-09-23T17:16:24.915Z] #1069/1708 cmprpx5kl05mcgx2v2envoent OK  -> 1780107291334_3bkwyc6iszj.m4a
[2026-09-23T17:16:27.079Z] #1072/1708 cmprpx4c605magx2vhtgw4bx6 OK  -> 1780107289711_d3rezzcp69m.m4a
[2026-09-23T17:16:29.134Z] #1068/1708 cmo4ds52404pagxgwdk3mek6b OK  -> 1776519397585_90874fhdxqo.m4a
[2026-09-23T17:16:30.023Z] #1070/1708 cmobi9jyw0gm4gxqzviin1no0 OK  -> 1776950191745_ksguc76h3rl.m4a
[2026-09-23T17:16:31.820Z] #1073/1708 cmo55z1x707hzgxgw08ph0zqk OK  -> 1776566749420_gos678rak5x.m4a
[2026-09-23T17:16:33.279Z] #1074/1708 cmo55z0qv07hxgxgwp4ylyk6m OK  -> 1776566747871_8fgypc5atrx.m4a
[2026-09-23T17:16:33.415Z] #1075/1708 cmobi9iql0gm2gxqzx0h5opy0 OK  -> 1776950190171_c6mfuweoib0.m4a
[2026-09-23T17:16:34.844Z] #1071/1708 cmo55z35507i1gxgwdx6jg3nw OK  -> 1776566750966_sm5x63j7mil.m4a
[2026-09-23T17:16:36.259Z] #1076/1708 cmo4ds3ub04p8gxgwwwyi4tur OK  -> 1776519396063_wmby0cgjxkv.m4a
[2026-09-23T17:16:37.846Z] #1077/1708 cmobi9hj20gm0gxqzhco55lq9 OK  -> 1776950188667_3um73qqdze4.m4a
[2026-09-23T17:16:38.832Z] #1078/1708 cmobi9gd40glygxqzip56dl4o OK  -> 1776950187075_jbuf4kxp1hq.m4a
[2026-09-23T17:16:39.553Z] #1080/1708 cmprpx33e05m8gx2v66a537i3 OK  -> 1780107288095_z0n6egw1we0.m4a
[2026-09-23T17:16:42.566Z] #1079/1708 cmo55yzjs07hvgxgwi1k7mhtm OK  -> 1776566746268_nxlr1aqu0zw.m4a
[2026-09-23T17:16:43.792Z] #1081/1708 cmo55yyad07htgxgwolw5pvz6 OK  -> 1776566744643_zcmhq0kkcy8.m4a
[2026-09-23T17:16:43.907Z] #1082/1708 cmo55yvvy07hpgxgw4qwgtx9f OK  -> 1776566741534_jyo3y0y1uev.m4a
[2026-09-23T17:16:46.729Z] #1083/1708 cmo55yx2407hrgxgwzve0sgj6 OK  -> 1776566743124_y27prw6wnka.m4a
[2026-09-23T17:16:48.401Z] #1084/1708 cmo4ds2o204p6gxgwy7fng628 OK  -> 1776519394481_i9xkxpqcq98.m4a
[2026-09-23T17:16:51.349Z] #1088/1708 cmprpx1uj05m6gx2vh4330tic OK  -> 1780107286497_164pycd26g4.m4a
[2026-09-23T17:16:51.447Z] #1085/1708 cmobi9f5k0glwgxqzoyqtvqjy OK  -> 1776950185520_16mbtcdhlmy.m4a
[2026-09-23T17:16:51.499Z] #1086/1708 cmobi9dxg0glugxqzfltycsc5 OK  -> 1776950183918_9wrxgnljq75.m4a
[2026-09-23T17:16:51.631Z] #1087/1708 cmobi9coq0glsgxqzgzirnrjz OK  -> 1776950182266_yhk5d5b5fbm.m4a
[2026-09-23T17:16:54.453Z] #1089/1708 cmo4ds1fr04p4gxgwxbb90nqs OK  -> 1776519392862_aqayx9un4xu.m4a
[2026-09-23T17:16:57.080Z] #1091/1708 cmobi9a5r0glogxqzb5zwu30o OK  -> 1776950179043_gyos897u7ff.m4a
[2026-09-23T17:16:59.071Z] #1092/1708 cmobi98xr0glmgxqz0zd1oh9n OK  -> 1776950177398_8ot2vgh8zty.m4a
[2026-09-23T17:16:59.075Z] #1090/1708 cmobi9bew0glqgxqzhejj0287 OK  -> 1776950180622_3m5jib7c62b.m4a
[2026-09-23T17:16:59.220Z] #1094/1708 cmo55ytf107hjgxgw9qlabtdi OK  -> 1776566738424_dwuy66j6oie.m4a
[2026-09-23T17:17:05.372Z] #1093/1708 cmo55yunp07hlgxgwb3g7prd2 OK  -> 1776566739923_u09je7aiiaj.m4a
[2026-09-23T17:17:06.347Z] #1095/1708 cmo55ys9l07hhgxgwpu542dzx OK  -> 1776566736869_qaf31261klj.m4a
[2026-09-23T17:17:06.402Z] #1096/1708 cmprpx0ma05m4gx2v3yjjif9i OK  -> 1780107284844_33vo69tl5ks.m4a
[2026-09-23T17:17:06.551Z] #1098/1708 cmobi97ol0glkgxqzr4ytd55w OK  -> 1776950175790_sryp62oar29.m4a
[2026-09-23T17:17:07.782Z] #1097/1708 cmo4ds06w04p2gxgwuqvzg3ph OK  -> 1776519391294_cx7n9uof80r.m4a
[2026-09-23T17:17:09.140Z] #1099/1708 cmo55yr2d07hfgxgweodw87as OK  -> 1776566735341_y30goem8ana.m4a
[2026-09-23T17:17:10.738Z] #1101/1708 cmobi96f30gligxqz0krdmzps OK  -> 1776950174227_55i0w7r0pi6.m4a
[2026-09-23T17:17:12.482Z] #1103/1708 cmprpwzbs05m2gx2vmlj10d91 OK  -> 1780107283239_l5mymtmcajs.m4a
[2026-09-23T17:17:12.556Z] #1100/1708 cmobi958a0glggxqzf33nfrym OK  -> 1776950172715_t3jbw3luxxw.m4a
[2026-09-23T17:17:12.741Z] #1102/1708 cmobi941k0glegxqz8u1azkps OK  -> 1776950171122_b75tef3py84.m4a
[2026-09-23T17:17:14.978Z] #1106/1708 cmobi92u60glcgxqzkaza1tzc OK  -> 1776950169603_han34hxu34v.m4a
[2026-09-23T17:17:16.370Z] #1104/1708 cmo55ypw507h7gxgwysw3n1zz OK  -> 1776566733759_gnsbqvif20e.m4a
[2026-09-23T17:17:16.691Z] #1105/1708 cmobi91n30gl8gxqzpqgx4ymz OK  -> 1776950167990_qbhlq0n03j0.m4a
[2026-09-23T17:17:19.615Z] #1108/1708 cmobi8z6d0gl4gxqzxhsoxaj0 OK  -> 1776950164779_0l63iz0nvd2.m4a
[2026-09-23T17:17:19.724Z] #1109/1708 cmprpwy3d05m0gx2vxtyk5dug OK  -> 1780107281588_z3kc03r7utd.m4a
[2026-09-23T17:17:20.036Z] #1110/1708 cmobi90dz0gl6gxqz4l8q6t6z OK  -> 1776950166377_geyqt65tny0.m4a
[2026-09-23T17:17:21.651Z] #1112/1708 cmobi8xx00gl2gxqzn4chf7d9 OK  -> 1776950163225_qxfljnghkdj.m4a
[2026-09-23T17:17:21.701Z] #1107/1708 cmo4dryyk04p0gxgwp9i13bv0 OK  -> 1776519389756_1oc514e1u8s.m4a
[2026-09-23T17:17:28.331Z] #1111/1708 cmo4drxrz04oygxgwtsarmzcl OK  -> 1776519388164_7yq68wrialj.m4a
[2026-09-23T17:17:28.401Z] #1114/1708 cmo4drwk604owgxgw78enwzbo OK  -> 1776519386618_hcp5644hsi3.m4a
[2026-09-23T17:17:28.406Z] #1117/1708 cmprpwwte05lygx2v2t71o7yt OK  -> 1780107279932_vzey1z6uvxi.m4a
[2026-09-23T17:17:28.526Z] #1115/1708 cmo55ynh007h3gxgwuxbv0ibi OK  -> 1776566730692_aqspuucdjb7.m4a
[2026-09-23T17:17:29.873Z] #1113/1708 cmo55yons07h5gxgwoo7ajlfe OK  -> 1776566732205_fx378nu7xp8.m4a
[2026-09-23T17:17:33.546Z] #1116/1708 cmobi8wqg0gkygxqz85kczxql OK  -> 1776950161612_nhj858hzyy5.m4a
[2026-09-23T17:17:34.671Z] #1121/1708 cmobi8t3m0gkmgxqzs29rzdz9 OK  -> 1776950156932_w5abj0jqowi.m4a
[2026-09-23T17:17:34.769Z] #1119/1708 cmprpwvk205lwgx2vzzu7yd71 OK  -> 1780107278344_2u3ydq0231v.m4a
[2026-09-23T17:17:36.334Z] #1120/1708 cmobi8uar0gkogxqztd0zwp1m OK  -> 1776950158511_8ki9iyzj7om.m4a
[2026-09-23T17:17:36.360Z] #1118/1708 cmobi8vhu0gkqgxqze79e5cbu OK  -> 1776950160058_uo7sgourve1.m4a
[2026-09-23T17:17:38.453Z] #1122/1708 cmobi8rv50gkkgxqz3dyue99b OK  -> 1776950155295_dez1zvotu0u.m4a
[2026-09-23T17:17:40.492Z] #1123/1708 cmo4drvdl04osgxgw18bmu26g OK  -> 1776519385099_fmawlloceg7.m4a
[2026-09-23T17:17:42.855Z] #1125/1708 cmo4dru4a04oqgxgwzwo0ipta OK  -> 1776519383332_7tl43y1bksv.m4a
[2026-09-23T17:17:42.983Z] #1127/1708 cmprpwubd05lugx2vhfcr73em OK  -> 1780107276749_3uq343ex74b.m4a
[2026-09-23T17:17:43.088Z] #1124/1708 cmo55ymar07h1gxgwid8dqcxx OK  -> 1776566729132_1unw5tldhhn.m4a
[2026-09-23T17:17:45.921Z] #1128/1708 cmobi8o820gkegxqz9s8pgq6h OK  -> 1776950150576_jf13tuxqz3l.m4a
[2026-09-23T17:17:49.491Z] #1129/1708 cmobi8pdv0gkggxqzsbjh1uda OK  -> 1776950152198_ho92vcc4a3t.m4a
[2026-09-23T17:17:49.535Z] #1130/1708 cmobi8mym0gkagxqzlqlkdk05 OK  -> 1776950148984_9oiu3zfss9h.m4a
[2026-09-23T17:17:49.629Z] #1126/1708 cmobi8qmo0gkigxqzklcbzdl5 OK  -> 1776950153740_00evqg2ar0o.m4a
[2026-09-23T17:17:52.304Z] #1131/1708 cmo55yl3q07gzgxgw7d6okzks OK  -> 1776566727551_eue3te3wlhw.m4a
[2026-09-23T17:17:53.442Z] #1133/1708 cmprpwt3j05lsgx2vt9uamm6d OK  -> 1780107275141_f32gjs0ot7f.m4a
[2026-09-23T17:17:53.576Z] #1132/1708 cmo55yjvm07gxgxgwevqy96kp OK  -> 1776566725959_jssy7t03dzv.m4a
[2026-09-23T17:17:56.530Z] #1134/1708 cmobi8lq90gk2gxqzii1l74s6 OK  -> 1776950147348_2am10hk0ika.m4a
[2026-09-23T17:17:57.472Z] #1135/1708 cmobi8j7j0gjwgxqz913h67pg OK  -> 1776950144130_ua37pj2j44q.m4a
[2026-09-23T17:17:58.720Z] #1138/1708 cmobi8i0d0gjugxqzpc0d694n OK  -> 1776950142568_d1ejswuel1q.m4a
[2026-09-23T17:18:00.461Z] #1136/1708 cmo4drsuc04oogxgw0oqafc3x OK  -> 1776519381809_9y0t4bho48w.m4a
[2026-09-23T17:18:03.412Z] #1137/1708 cmobi8khm0gjygxqz6qd2hiye OK  -> 1776950145722_9wit8ggpdbp.m4a
[2026-09-23T17:18:03.493Z] #1140/1708 cmo4drrmb04omgxgwae28sigk OK  -> 1776519380178_7j2fecv6up0.m4a
[2026-09-23T17:18:05.056Z] #1142/1708 cmobi8gst0gjsgxqz2u0dxex0 OK  -> 1776950140987_vufgftq87cp.m4a
[2026-09-23T17:18:06.622Z] #1143/1708 cmprpwrv205lqgx2vwtpwox3z OK  -> 1780107273543_paebtt9b0yx.m4a
[2026-09-23T17:18:06.750Z] #1141/1708 cmo55yhdp07gtgxgwtro3spvr OK  -> 1776566722751_ypbfbuo4qcv.m4a
[2026-09-23T17:18:08.463Z] #1139/1708 cmo55yin807gvgxgwa0l7id4q OK  -> 1776566724305_nk48oo15jv9.m4a
[2026-09-23T17:18:11.550Z] #1146/1708 cmobi8ea90gjogxqztcb2rj5e OK  -> 1776950137723_l4uerzitkr4.m4a
[2026-09-23T17:18:12.555Z] #1144/1708 cmobi8fk50gjqgxqzilke4bv5 OK  -> 1776950139316_2jyxgt26ijx.m4a
[2026-09-23T17:18:14.174Z] #1149/1708 cmprpwqmh05logx2vl7jrvb29 OK  -> 1780107271136_rereavaqpf7.m4a
[2026-09-23T17:18:14.309Z] #1148/1708 cmo55ydrm07gngxgw9f8im8lj OK  -> 1776566718134_z7c6ioi0dha.m4a
[2026-09-23T17:18:16.076Z] #1147/1708 cmo55yeyn07gpgxgwyc5qy9n6 OK  -> 1776566719639_xaf30efui8h.m4a
[2026-09-23T17:18:18.786Z] #1150/1708 cmo55yclb07gjgxgwqcawqq02 OK  -> 1776566716544_28ug3tzwact.m4a
[2026-09-23T17:18:20.440Z] #1145/1708 cmo55yg6m07grgxgwim810v43 OK  -> 1776566721176_mjb4j2l5vec.m4a
[2026-09-23T17:18:22.433Z] #1151/1708 cmo4drqec04okgxgwphiqwsxa OK  -> 1776519378547_hnp28rysnpb.m4a
[2026-09-23T17:18:22.800Z] #1154/1708 cmobi8ahu0gjigxqzwpm4shtx OK  -> 1776950132756_ve9vmrv6gfd.m4a
[2026-09-23T17:18:23.961Z] #1153/1708 cmobi8bqw0gjkgxqzv0qukbeg OK  -> 1776950134395_6m3qyncr284.m4a
[2026-09-23T17:18:24.942Z] #1152/1708 cmobi8d150gjmgxqzjf6ibhk9 OK  -> 1776950136049_gkdsdulqeic.m4a
[2026-09-23T17:18:26.792Z] #1156/1708 cmobi89740gjggxqz3opwt46p OK  -> 1776950131195_f8egh6mv4pz.m4a
[2026-09-23T17:18:27.711Z] #1157/1708 cmobi880u0gjegxqz4sd6r0uk OK  -> 1776950129612_i8vctn3pf4v.m4a
[2026-09-23T17:18:29.303Z] #1158/1708 cmobi86rc0gjcgxqz796704ek OK  -> 1776950127958_nogi3lfo98t.m4a
[2026-09-23T17:18:30.321Z] #1155/1708 cmo55ybdy07ghgxgw1ue8r0j5 OK  -> 1776566715012_ysat3wmp7w6.m4a
[2026-09-23T17:18:31.770Z] #1160/1708 cmprpworp05lmgx2vx4ytk1yn OK  -> 1780107269520_2n9t8qrbhuq.m4a
[2026-09-23T17:18:31.959Z] #1159/1708 cmo4drp4t04oigxgw1zmctigy OK  -> 1776519376950_rgwhz4xeahm.m4a
[2026-09-23T17:18:37.567Z] #1165/1708 cmobi830b0gj2gxqz8p5k4l80 OK  -> 1776950123208_vysmskkshib.m4a
[2026-09-23T17:18:37.615Z] #1161/1708 cmobi85ib0gjagxqzokwvxvoz OK  -> 1776950126346_qym2wu8faxe.m4a
[2026-09-23T17:18:37.664Z] #1162/1708 cmobi84ac0gj6gxqzc8omph2u OK  -> 1776950124703_nhven8vf5on.m4a
[2026-09-23T17:18:37.782Z] #1164/1708 cmprpwnij05lkgx2vd0f2mg41 OK  -> 1780107267886_osavzs85ep4.m4a
[2026-09-23T17:18:40.013Z] #1163/1708 cmo4drnw304oggxgw6qza5x39 OK  -> 1776519375320_tne4pviwzmc.m4a
[2026-09-23T17:18:42.096Z] #1166/1708 cmo55ya7o07gfgxgw1wg8fi67 OK  -> 1776566713474_6kfm1yx2lfh.m4a
[2026-09-23T17:18:42.756Z] #1167/1708 cmo55y7r707g5gxgwx5n918p0 OK  -> 1776566710310_3ir206xpoy1.m4a
[2026-09-23T17:18:46.199Z] #1170/1708 cmo4drmnv04ocgxgw2bbt7j0c OK  -> 1776519373760_uz1mqjc460o.m4a
[2026-09-23T17:18:48.545Z] #1168/1708 cmo55y90n07gbgxgw2dhcnzt8 OK  -> 1776566711838_f4xn68gn212.m4a
[2026-09-23T17:18:48.664Z] #1173/1708 cmprpwm9l05ligx2vh4w6dw94 OK  -> 1780107266348_886p5rx4mpv.m4a
[2026-09-23T17:18:49.723Z] #1169/1708 cmo55y6l207g3gxgw11200afm OK  -> 1776566708806_fldrcfh9h1r.m4a
[2026-09-23T17:18:50.539Z] #1172/1708 cmobi80nc0giygxqza1zjnt77 OK  -> 1776950120035_onfzvp7pagy.m4a
[2026-09-23T17:18:50.675Z] #1171/1708 cmo55y5ey07g1gxgwp51n0ple OK  -> 1776566707190_n8ml93cxdwd.m4a
[2026-09-23T17:18:53.316Z] #1174/1708 cmobi81vh0gj0gxqzqzva8xs0 OK  -> 1776950121627_jbsxbi7orty.m4a
[2026-09-23T17:18:56.184Z] #1177/1708 cmprpwl2805lggx2vrmy72ibp OK  -> 1780107264697_lc1t3j4bo0i.m4a
[2026-09-23T17:18:56.372Z] #1176/1708 cmobi7zfe0giwgxqzrmz3uo7w OK  -> 1776950118536_1x83a96gt5a.m4a
[2026-09-23T17:18:58.846Z] #1178/1708 cmo4drlg104oagxgw78cmzqkg OK  -> 1776519372224_p1j98pfg5qu.m4a
[2026-09-23T17:18:59.662Z] #1179/1708 cmo55y0ju07ftgxgwnkerzmaz OK  -> 1776566700995_hs90b8ga12u.m4a
[2026-09-23T17:19:00.405Z] #1175/1708 cmo55y46607fzgxgwzpcr9atr OK  -> 1776566705664_wweirekmass.m4a
[2026-09-23T17:19:00.578Z] #1180/1708 cmobi7y8o0giugxqzrsa1xy6u OK  -> 1776950116929_l94vknedbzm.m4a
[2026-09-23T17:19:05.082Z] #1181/1708 cmo55y1rr07fvgxgwswy1sjvf OK  -> 1776566702505_6cy81xyfme8.m4a
[2026-09-23T17:19:07.362Z] #1186/1708 cmobi7vpd0giqgxqz9dwa67sp OK  -> 1776950113657_nuuhyz0tvpu.m4a
[2026-09-23T17:19:08.972Z] #1182/1708 cmo55y2zi07fxgxgwltsomhhj OK  -> 1776566704070_pxzb9fsen84.m4a
[2026-09-23T17:19:09.199Z] #1183/1708 cmobi7x0a0gisgxqzu1ld79st OK  -> 1776950115224_19x4oz9bhzf.m4a
[2026-09-23T17:19:10.566Z] #1184/1708 cmo55xzdt07frgxgwdpn8m8ly OK  -> 1776566699468_2mq3v9qggte.m4a
[2026-09-23T17:19:12.322Z] #1185/1708 cmo55xy7m07fpgxgww6bc9t7x OK  -> 1776566697912_8pje71rch1s.m4a
[2026-09-23T17:19:14.312Z] #1188/1708 cmobi7ugt0giogxqzcqfrq3uv OK  -> 1776950112036_v7gksjizvev.m4a
[2026-09-23T17:19:15.215Z] #1187/1708 cmo55xx0807fngxgwpxucuzud OK  -> 1776566696338_axgontfqrfn.m4a
[2026-09-23T17:19:16.310Z] #1190/1708 cmo4drk9p04o8gxgwm10jt6z7 OK  -> 1776519370737_dutg1jkr26f.m4a
[2026-09-23T17:19:17.696Z] #1191/1708 cmobi7s080gikgxqzf1h3o2w1 OK  -> 1776950108864_zlenlmz3ilc.m4a
[2026-09-23T17:19:18.002Z] #1189/1708 cmobi7t7s0gimgxqz47f6352g OK  -> 1776950110440_kygtqnhb83c.m4a
[2026-09-23T17:19:21.203Z] #1194/1708 cmprpwijh05lagx2vm2hycdev OK  -> 1780107261475_1af9e28d8h1.m4a
[2026-09-23T17:19:21.447Z] #1192/1708 cmo55xvsq07flgxgwcyt511w8 OK  -> 1776566694762_i46mk9dztus.m4a
[2026-09-23T17:19:23.505Z] #1195/1708 cmprpwjs105lcgx2v2tumn5l0 OK  -> 1780107263073_rlly88pgi7w.m4a
[2026-09-23T17:19:25.565Z] #1193/1708 cmo4drj3z04o6gxgw6ka9287q OK  -> 1776519369124_s9wd2k0p3zb.m4a
[2026-09-23T17:19:25.724Z] #1196/1708 cmobi7qrw0giggxqzhugzfq1w OK  -> 1776950107255_tr203d8v4np.m4a
[2026-09-23T17:19:27.878Z] #1197/1708 cmo55xul507fjgxgwvyol7eim OK  -> 1776566693202_n6nycbnznws.m4a
[2026-09-23T17:19:28.926Z] #1198/1708 cmo55xtdn07ffgxgwf5v9pezv OK  -> 1776566691667_cflvcr8wo8y.m4a
[2026-09-23T17:19:31.847Z] #1201/1708 cmobi7o950gicgxqzw1yo2v8n OK  -> 1776950104032_bgxyvt4hto8.m4a
[2026-09-23T17:19:32.005Z] #1202/1708 cmprpwhbf05l8gx2vrt0bq0jv OK  -> 1780107259856_2qq20cgska1.m4a
[2026-09-23T17:19:32.130Z] #1200/1708 cmobi7piv0giegxqzxmgw7y36 OK  -> 1776950105607_b7ny39f43o6.m4a
[2026-09-23T17:19:34.826Z] #1199/1708 cmo55xs6v07fdgxgwwyjqjceo OK  -> 1776566689960_gqzqyz7v47e.m4a
[2026-09-23T17:19:34.957Z] #1204/1708 cmobi7n2i0giagxqzl9l23hul OK  -> 1776950102475_jsmlxj5d9kv.m4a
[2026-09-23T17:19:34.969Z] #1203/1708 cmo4drhvl04o2gxgwv7yav631 OK  -> 1776519367646_995gaqiprht.m4a
[2026-09-23T17:19:40.033Z] #1207/1708 cmobi7jcr0gi4gxqzoh6lbmns OK  -> 1776950097698_t1c5gdw6ibn.m4a
[2026-09-23T17:19:42.512Z] #1210/1708 cmobi7gxn0gi0gxqz994utm3l OK  -> 1776950094349_ve267gkhkzn.m4a
[2026-09-23T17:19:42.636Z] #1205/1708 cmobi7kkt0gi6gxqz7z8fs16m OK  -> 1776950099224_d3qzia3e8eo.m4a
[2026-09-23T17:19:44.418Z] #1208/1708 cmprpwg1a05l6gx2v3wzm1r4c OK  -> 1780107258169_xlhweiej7d3.m4a
[2026-09-23T17:19:44.472Z] #1206/1708 cmobi7lv10gi8gxqz16cpidue OK  -> 1776950100825_okq5vps8luq.m4a
[2026-09-23T17:19:47.290Z] #1209/1708 cmobi7i630gi2gxqzsom0v0xc OK  -> 1776950096075_qtlq5blajlp.m4a
[2026-09-23T17:19:47.422Z] #1211/1708 cmo55xqv807fbgxgwuj8wb3hf OK  -> 1776566688371_p01y0auey7p.m4a
[2026-09-23T17:19:52.802Z] #1213/1708 cmo55xpnd07f9gxgwkuu9g3wg OK  -> 1776566686895_2f5bq3u54j1.m4a
[2026-09-23T17:19:53.566Z] #1212/1708 cmo4drgqj04o0gxgwqyr83gdm OK  -> 1776519366063_3m25kbx1wbx.m4a
[2026-09-23T17:19:53.762Z] #1215/1708 cmo55xoi807f7gxgwy2l6a264 OK  -> 1776566685300_8l8p1y8gjc5.m4a
[2026-09-23T17:19:55.124Z] #1216/1708 cmo4drfix04nygxgwwt6lwm61 OK  -> 1776519364563_aqjqi6poig9.m4a
[2026-09-23T17:19:55.490Z] #1214/1708 cmobi7flj0ghygxqzi4w67k55 OK  -> 1776950092736_wkjuullw1up.m4a
[2026-09-23T17:19:56.025Z] #1217/1708 cmobi7ebm0ghwgxqzgtoworvx OK  -> 1776950091041_dujvbauntml.m4a
[2026-09-23T17:20:00.694Z] #1219/1708 cmprpweqv05l4gx2vlof6jewd OK  -> 1780107256452_isg6beljxnp.m4a
[2026-09-23T17:20:02.849Z] #1220/1708 cmobi7d1l0ghugxqz67v18iv8 OK  -> 1776950089396_95tfexza109.m4a
[2026-09-23T17:20:03.048Z] #1218/1708 cmo55xna607f5gxgw6su6b7v8 OK  -> 1776566683785_isbcfqu9vdj.m4a
[2026-09-23T17:20:04.765Z] #1221/1708 cmo55xm4207f3gxgwsca39irr OK  -> 1776566682241_n50jgzn5202.m4a
[2026-09-23T17:20:07.574Z] #1223/1708 cmo55xkx207ezgxgwmxf12l91 OK  -> 1776566680671_cqja7nczhfj.m4a
[2026-09-23T17:20:09.241Z] #1222/1708 cmo55xjp607evgxgwa4xv2ewb OK  -> 1776566679057_g09r7imyrfe.m4a
[2026-09-23T17:20:09.982Z] #1225/1708 cmprpwdfg05l2gx2vpfhki6fu OK  -> 1780107254844_v8vwctvxbsk.m4a
[2026-09-23T17:20:11.696Z] #1228/1708 cmobi7ah50ghqgxqzaursl1pp OK  -> 1776950086134_19seb7om075.m4a
[2026-09-23T17:20:13.406Z] #1224/1708 cmo4drech04nwgxgw0zb0sw1a OK  -> 1776519363006_519ji2xkm1p.m4a
[2026-09-23T17:20:13.418Z] #1227/1708 cmobi78330ghmgxqzy4edq3e0 OK  -> 1776950083037_t9qxptyqg2b.m4a
[2026-09-23T17:20:15.871Z] #1226/1708 cmobi7bry0ghsgxqztnz8sm8q OK  -> 1776950087735_fme8cu87hpy.m4a
[2026-09-23T17:20:20.337Z] #1229/1708 cmobi799b0ghogxqz8a6lohs6 OK  -> 1776950084632_1vint37w2ch.m4a
[2026-09-23T17:20:20.581Z] #1230/1708 cmo55xih007etgxgwt5fqexax OK  -> 1776566677392_b9gzre0ehvk.m4a
[2026-09-23T17:20:20.701Z] #1233/1708 cmo4drd5l04nugxgwt9v3khex OK  -> 1776519361491_8p115vierxf.m4a
[2026-09-23T17:20:22.124Z] #1232/1708 cmobi76ud0ghkgxqznj1br7eh OK  -> 1776950081361_8hsldwx120i.m4a
[2026-09-23T17:20:22.387Z] #1231/1708 cmobi75kn0ghigxqzmotuivb4 OK  -> 1776950079699_mdgr1szytml.m4a
[2026-09-23T17:20:25.829Z] #1235/1708 cmprpwc6o05l0gx2v9oh8t3e3 OK  -> 1780107253243_5sqs4kro7h1.m4a
[2026-09-23T17:20:26.461Z] #1236/1708 cmo55xh6k07ergxgwzn6qameh OK  -> 1776566675898_brbpqodymyw.m4a
[2026-09-23T17:20:28.624Z] #1234/1708 cmobi749o0ghggxqzoaignt58 OK  -> 1776950078009_v4w6sk441ew.m4a
[2026-09-23T17:20:31.088Z] #1238/1708 cmo55xevp07engxgw1y0n0ni0 OK  -> 1776566672867_ujdpae0ebho.m4a
[2026-09-23T17:20:31.468Z] #1239/1708 cmo55xcih07ejgxgwpukgraif OK  -> 1776566669783_v069h461uvo.m4a
[2026-09-23T17:20:32.757Z] #1240/1708 cmobi72z00ghegxqzsl4sgaps OK  -> 1776950076411_jdbjboibjcj.m4a
[2026-09-23T17:20:33.245Z] #1237/1708 cmo55xg0x07epgxgwpidfo5ut OK  -> 1776566674411_96xbaggk328.m4a
[2026-09-23T17:20:34.163Z] #1241/1708 cmo55xdoi07elgxgwvtnrl5h2 OK  -> 1776566671331_44oun2qrzdr.m4a
[2026-09-23T17:20:36.822Z] #1244/1708 cmo55xbb307ehgxgwll9ugcg0 OK  -> 1776566668296_mgqpjiq97ap.m4a
[2026-09-23T17:20:39.215Z] #1243/1708 cmobi71rc0ghcgxqzrwb9cjsc OK  -> 1776950074812_fsnw80vslix.m4a
[2026-09-23T17:20:41.645Z] #1246/1708 cmo4drbzl04nsgxgwlk6vg83m OK  -> 1776519359921_gt7cfxl9my7.m4a
[2026-09-23T17:20:42.777Z] #1245/1708 cmo55xa5y07efgxgw6x2nhz5p OK  -> 1776566666738_lcmrkywhupq.m4a
[2026-09-23T17:20:43.374Z] #1247/1708 cmobi70ip0ghagxqzd6qyfp68 OK  -> 1776950073075_f151w5fb33a.m4a
[2026-09-23T17:20:44.448Z] #1248/1708 cmprpway605kygx2vorzliryi OK  -> 1780107251617_hyfmka9k4ho.m4a
[2026-09-23T17:20:46.639Z] #1249/1708 cmobi6z6w0gh8gxqzehmfydyp OK  -> 1776950071459_6ai006sysmb.m4a
[2026-09-23T17:20:47.734Z] #1250/1708 cmobi6xxp0gh6gxqzdx76grzg OK  -> 1776950069878_9zxss0s33c0.m4a
[2026-09-23T17:20:50.074Z] #1252/1708 cmobi6wq00gh4gxqzprfabp55 OK  -> 1776950068277_nxu8ke5cz1w.m4a
[2026-09-23T17:20:50.364Z] #1253/1708 cmprpw9p205kwgx2vavn2jszx OK  -> 1780107249988_0514w4h1yv6.m4a
[2026-09-23T17:20:53.682Z] #1254/1708 cmobi6vge0gh2gxqziz7crks1 OK  -> 1776950066599_7qtfw255yo0.m4a
[2026-09-23T17:20:56.463Z] #1255/1708 cmo4draro04nqgxgw1upn962z OK  -> 1776519358350_1hq7pw2izfj.m4a
[2026-09-23T17:20:57.777Z] #1257/1708 cmobi6u670gh0gxqzbxs7nqd9 OK  -> 1776950064872_na3gbym75c7.m4a
[2026-09-23T17:21:00.554Z] #1256/1708 cmo55x8yj07edgxgwvmwat2ru OK  -> 1776566665112_netwd8euydf.m4a
[2026-09-23T17:21:03.664Z] #1259/1708 cmprpw8g605kugx2vtdy3n34o OK  -> 1780107248370_nhivw3se1oq.m4a
[2026-09-23T17:21:06.682Z] #1242/1708 cmqz3u0700h3agxu0rh0s9i8v OK  -> 1782730703453_w6xj0d2cwj7.m4a
[2026-09-23T17:21:07.702Z] #1260/1708 cmo4dr9kb04nogxgwqci5dnhh OK  -> 1776519356774_ih1rxsq6u09.m4a
[2026-09-23T17:21:16.463Z] #1263/1708 cmo55x7pb07ebgxgwbkgrgf49 OK  -> 1776566663476_aptxex9ltfx.m4a
[2026-09-23T17:21:16.487Z] #1262/1708 cmo4dr8bg04nmgxgwimvvk3lb OK  -> 1776519355215_96uhbbdah0u.m4a
[2026-09-23T17:21:16.527Z] #1251/1708 cmqz3ty3v0h34gxu0liyvx9vb OK  -> 1782730700780_tssx8ed41mh.m4a
[2026-09-23T17:21:16.654Z] #1264/1708 cmprpw76d05ksgx2vomvizlnj OK  -> 1780107246722_49mpbs5q4rk.m4a
[2026-09-23T17:21:27.457Z] #1258/1708 cmqz3tw1f0h30gxu0friparbu OK  -> 1782730698132_09r2mi8112q.m4a
[2026-09-23T17:21:27.555Z] #1268/1708 cmo55x41407e5gxgwm2lxh0uu OK  -> 1776566658797_bqvopo44nec.m4a
[2026-09-23T17:21:27.556Z] #1265/1708 cmo55x6fr07e9gxgw3h241u2a OK  -> 1776566661966_w9t8e1dqja3.m4a
[2026-09-23T17:21:27.696Z] #1266/1708 cmo55x59i07e7gxgw9qtyiyyh OK  -> 1776566660351_0ohp3jn1lid.m4a
[2026-09-23T17:21:34.006Z] #1261/1708 cmqz3tu0l0h2ygxu0ox043znd OK  -> 1782730695571_6vg0qtsdt9r.m4a
[2026-09-23T17:21:35.758Z] #1269/1708 cmprpw5x605kqgx2v9tiz47s2 OK  -> 1780107245119_8bth7mvlweo.m4a
[2026-09-23T17:21:37.177Z] #1270/1708 cmo55x1kz07dzgxgwc4op10h2 OK  -> 1776566655676_ux1825vv3k0.m4a
[2026-09-23T17:21:38.808Z] #1272/1708 cmo4dr75004nkgxgw6utzc0zh OK  -> 1776519353596_9gny8qhyh3b.m4a
[2026-09-23T17:21:38.997Z] #1271/1708 cmo55x2se07e3gxgwqwxt3r7c OK  -> 1776566657178_8u73o0otovh.m4a
[2026-09-23T17:21:44.163Z] #1274/1708 cmo4dr5w204nigxgw88mjhhs3 OK  -> 1776519352042_346a73baecm.m4a
[2026-09-23T17:21:46.382Z] #1277/1708 cmo55wz8l07dvgxgwe7t2lstb OK  -> 1776566652646_mfcfvg0xa21.m4a
[2026-09-23T17:21:48.825Z] #1276/1708 cmprpw4p005kmgx2vkty5we1u OK  -> 1780107243449_vuat74f5f6z.m4a
[2026-09-23T17:21:49.222Z] #1275/1708 cmo55x0f107dxgxgwt1abm924 OK  -> 1776566654144_tuiqqttv1g6.m4a
[2026-09-23T17:21:51.003Z] #1267/1708 cmqz3ts130h2wgxu0p2ummzjn OK  -> 1782730692773_ubf73k3ocw3.m4a
[2026-09-23T17:21:53.151Z] #1279/1708 cmprpw3en05kkgx2vudoeny0a OK  -> 1780107241908_kt6ekvq5tbg.m4a
[2026-09-23T17:21:55.874Z] #1281/1708 cmo55wwxd07drgxgw27rnkmat OK  -> 1776566649599_k96pjkxyxxs.m4a
[2026-09-23T17:21:59.691Z] #1282/1708 cmo4dr4pd04nggxgwasnbsf8z OK  -> 1776519350498_z7rilvu3sj3.m4a
[2026-09-23T17:22:01.084Z] #1280/1708 cmo55wy3307dtgxgwfxyz8b6b OK  -> 1776566651145_pzm0xqxanag.m4a
[2026-09-23T17:22:07.091Z] #1284/1708 cmo55ws4s07djgxgwel9yuejx OK  -> 1776566643328_2wlufzhwjpu.m4a
[2026-09-23T17:22:07.096Z] #1283/1708 cmo55wvq007dpgxgwuw7z41j4 OK  -> 1776566648003_jo3ddadgkft.m4a
[2026-09-23T17:22:07.576Z] #1273/1708 cmqz3tpvi0h2ugxu04xg33xbp OK  -> 1782730689971_5lc5k7u51dz.m4a
[2026-09-23T17:22:09.640Z] #1285/1708 cmo55wui607dngxgw62wkiqlw OK  -> 1776566646464_famzuan0x6o.m4a
[2026-09-23T17:22:13.126Z] #1286/1708 cmo55wtbb07dlgxgwca1ug2ng OK  -> 1776566644942_nplj9owfi91.m4a
[2026-09-23T17:22:14.109Z] #1288/1708 cmprpw27p05kigx2veeawifgv OK  -> 1780107240239_trj2udwx1e3.m4a
[2026-09-23T17:22:18.627Z] #1287/1708 cmo4dr3i104negxgwjk4jkmq3 OK  -> 1776519348992_br8kpfzsk6j.m4a
[2026-09-23T17:22:18.684Z] #1289/1708 cmqz3tlhn0h2qgxu00inu078c OK  -> 1782730685161_nq6smez8htt.m4a
[2026-09-23T17:22:18.933Z] #1290/1708 cmprpw0xe05kggx2v21w3yurg OK  -> 1780107238575_hk0u0u557d9.m4a
[2026-09-23T17:22:18.934Z] #1278/1708 cmqz3tnpy0h2sgxu00e65oz0c OK  -> 1782730687086_44a4dha1sn3.m4a
[2026-09-23T17:22:22.712Z] #1292/1708 cmo4dr2b304ncgxgwpcxttmxl OK  -> 1776519347350_r05ynqriojp.m4a
[2026-09-23T17:22:22.835Z] #1291/1708 cmo55wqw707dhgxgwmbsltt24 OK  -> 1776566641711_mkl7tyyah3u.m4a
[2026-09-23T17:22:26.531Z] #1294/1708 cmo55wpmz07dfgxgwnt1ixl2k OK  -> 1776566640204_6wfcqf9vtvd.m4a
[2026-09-23T17:22:26.719Z] #1295/1708 cmo55woh307ddgxgwml0clzyt OK  -> 1776566638636_8hfn8wo47a1.m4a
[2026-09-23T17:22:27.818Z] #1296/1708 cmo4dr12604nagxgwas6g9n33 OK  -> 1776519345801_zp4r5cex6th.m4a
[2026-09-23T17:22:29.305Z] #1293/1708 cmprpvzmw05kegx2vat2omnnz OK  -> 1780107236958_tb4p11u1xzy.m4a
[2026-09-23T17:22:29.598Z] #1297/1708 cmprpvye805kcgx2vwf036s0f OK  -> 1780107235305_chyeobqgo6q.m4a
[2026-09-23T17:22:32.191Z] #1298/1708 cmo55wn9s07dbgxgw9unhjkeb OK  -> 1776566637018_4ds59g0rz5r.m4a
[2026-09-23T17:22:35.337Z] #1300/1708 cmo4dqzuf04n8gxgwpgr65ydg OK  -> 1776519344245_49n1qlxqyg4.m4a
[2026-09-23T17:22:35.527Z] #1299/1708 cmprpvx4005kagx2vfih8pcc9 OK  -> 1780107233644_xg4lpgk1ajc.m4a
[2026-09-23T17:22:38.135Z] #1303/1708 cmo4dqyo904n6gxgwxpiuelr0 OK  -> 1776519342710_le3a4h604pv.m4a
[2026-09-23T17:22:38.276Z] #1304/1708 cmprpvvu505k8gx2vz77xbq5h OK  -> 1780107232037_yn4e2ni4weq.m4a
[2026-09-23T17:22:39.974Z] #1301/1708 cmo55wm1707d9gxgw8qc1tvrj OK  -> 1776566635477_rdawstz7yhb.m4a
[2026-09-23T17:22:43.365Z] #1302/1708 cmo55wktw07d7gxgwxbxsspdm OK  -> 1776566633840_dndgq4vxj19.m4a
[2026-09-23T17:22:45.109Z] #1308/1708 cmprpvulf05k6gx2vo899dj0q OK  -> 1780107230188_p4uo5jq5xl0.m4a
[2026-09-23T17:22:49.477Z] #1306/1708 cmo55wiak07czgxgws6gvzsco OK  -> 1776566630560_qyuxbwp8j8s.m4a
[2026-09-23T17:22:49.478Z] #1305/1708 cmo55wjk707d3gxgw291ok5au OK  -> 1776566632200_vny43pzctp2.m4a
[2026-09-23T17:22:49.653Z] #1307/1708 cmo55wh1507cxgxgws52i9o2r OK  -> 1776566629025_97w7pjkt96h.m4a
[2026-09-23T17:22:51.993Z] #1309/1708 cmo55wfut07cvgxgwm8q6yy0n OK  -> 1776566627503_mjwgqlnt66s.m4a
[2026-09-23T17:22:52.104Z] #1311/1708 cmo55weom07ctgxgwsznmbydw OK  -> 1776566625953_qfqisfu8ezg.m4a
[2026-09-23T17:22:54.526Z] #1310/1708 cmo4dqxhz04n4gxgwc77g7qsk OK  -> 1776519341063_qeot0175ppc.m4a
[2026-09-23T17:22:56.441Z] #1314/1708 cmprpvt6e05k4gx2vant6i5s5 OK  -> 1780107228609_h44ytst8xma.m4a
[2026-09-23T17:22:59.026Z] #1313/1708 cmo55wdhd07cpgxgw6pms9usr OK  -> 1776566624272_w15koy0erjk.m4a
[2026-09-23T17:22:59.480Z] #1312/1708 cmo4dqw8j04n2gxgw0orupntc OK  -> 1776519339517_g84i5ttyjtd.m4a
[2026-09-23T17:23:00.216Z] #1316/1708 cmprpvryx05k2gx2v03v8rx58 OK  -> 1780107226999_qzag8pggnie.m4a
[2026-09-23T17:23:02.121Z] #1315/1708 cmo55wc7c07cngxgwawzfo0oz OK  -> 1776566622754_mfc3x6rx73i.m4a
[2026-09-23T17:23:05.093Z] #1317/1708 cmo4dqv1a04n0gxgw6asfaq0v OK  -> 1776519337942_w96bdybpmoy.m4a
[2026-09-23T17:23:06.235Z] #1319/1708 cmprpvqox05k0gx2vw3glyxs3 OK  -> 1780107225301_hm5q2fsi4zh.m4a
[2026-09-23T17:23:07.190Z] #1318/1708 cmo55wb0w07clgxgwykzzia1y OK  -> 1776566621052_xhztx07w7y0.m4a
[2026-09-23T17:23:09.864Z] #1320/1708 cmo55w9pv07cdgxgwzaayrfnu OK  -> 1776566619453_vmvh0cozeeb.m4a
[2026-09-23T17:23:12.185Z] #1321/1708 cmo4dqtt804mygxgwurvkhqmq OK  -> 1776519336363_tvu0hyw6n16.m4a
[2026-09-23T17:23:12.291Z] #1322/1708 cmprpvpdu05jygx2vogm0hgwt OK  -> 1780107223596_amzly0qvudi.m4a
[2026-09-23T17:23:12.433Z] #1323/1708 cmo55w8gv07cbgxgwx8h47bj6 OK  -> 1776566617894_gqzhc4kyssr.m4a
[2026-09-23T17:23:14.586Z] #1325/1708 cmo4dqrdt04mugxgwulwouu15 OK  -> 1776519333255_xkhouzh26mb.m4a
[2026-09-23T17:23:17.567Z] #1324/1708 cmo4dqsll04mwgxgwv2u2gxgw OK  -> 1776519334784_gue0qtk1zwk.m4a
[2026-09-23T17:23:18.539Z] #1327/1708 cmprpvo3105jwgx2vxaqapzva OK  -> 1780107221998_87m4uteklus.m4a
[2026-09-23T17:23:21.069Z] #1326/1708 cmo55w79l07c5gxgwl3e61wyx OK  -> 1776566616280_fa6t1kspxvt.m4a
[2026-09-23T17:23:21.120Z] #1329/1708 cmo55w61207c3gxgw722prbmw OK  -> 1776566614693_i29wr5jioax.m4a
[2026-09-23T17:23:21.226Z] #1330/1708 cmprpvmuu05jugx2v6utudfh3 OK  -> 1780107220269_3qfpfdsvm19.m4a
[2026-09-23T17:23:21.360Z] #1328/1708 cmo55w4si07c1gxgwsupgfeq9 OK  -> 1776566612811_j4qe40ojzu9.m4a
[2026-09-23T17:23:25.132Z] #1332/1708 cmprpvliy05jsgx2vuqt6zz05 OK  -> 1780107218667_ujjv6neemvp.m4a
[2026-09-23T17:23:25.143Z] #1331/1708 cmo4dqq7904msgxgwby0ydf64 OK  -> 1776519331763_xu58darfa1p.m4a
[2026-09-23T17:23:26.783Z] #1336/1708 cmprpvj0105jogx2v7omrul4k OK  -> 1780107215323_6b7b4z33n02.m4a
[2026-09-23T17:23:28.264Z] #1335/1708 cmo4dqnqk04mogxgwi3uq42px OK  -> 1776519328512_z02210rt9z1.m4a
[2026-09-23T17:23:31.834Z] #1334/1708 cmprpvka505jqgx2vjz46rgdm OK  -> 1780107216997_mg7zgax6ski.m4a
[2026-09-23T17:23:31.956Z] #1338/1708 cmo4dqlcm04mkgxgwz247f9gl OK  -> 1776519325461_wbcx71jh0js.m4a
[2026-09-23T17:23:34.013Z] #1337/1708 cmo4dqmjh04mmgxgw9alg66wo OK  -> 1776519326979_t3pvgn5xsj6.m4a
[2026-09-23T17:23:34.061Z] #1339/1708 cmprpvhpd05jmgx2vk6ug1b6l OK  -> 1780107213532_11tluu1llzb.m4a
[2026-09-23T17:23:36.166Z] #1340/1708 cmprpvgbc05jkgx2vhalmvnst OK  -> 1780107211865_ehxdz8wvyl1.m4a
[2026-09-23T17:23:36.217Z] #1333/1708 cmo4dqp2004mqgxgw1tgwj88c OK  -> 1776519330163_1jqq90fvjnf.m4a
[2026-09-23T17:23:42.127Z] #1343/1708 cmo4dqixb04megxgw58lrj49x OK  -> 1776519322346_ug31jdynt58.m4a
[2026-09-23T17:23:42.225Z] #1342/1708 cmprpvf1e05jigx2vehp8n360 OK  -> 1780107209923_y1fghj41qu3.m4a
[2026-09-23T17:23:46.036Z] #1341/1708 cmo4dqk6s04mggxgw0ub3043w OK  -> 1776519323843_ts3o20b3g2j.m4a
[2026-09-23T17:23:46.132Z] #1346/1708 cmpqv89eh03oygx2vo9sgekhh OK  -> 1780055741346_mzdz7rmbzjq.m4a
[2026-09-23T17:23:54.771Z] #1345/1708 cmqxayf2p0cr4gxu0zbjyodo0 OK  -> 1782621734161_8bj9eoebaon.m4a
[2026-09-23T17:23:54.901Z] #1344/1708 cmqxaygkw0cr6gxu04pwag7v5 OK  -> 1782621737004_6cbjwz6rx8m.m4a
[2026-09-23T17:24:05.995Z] #1347/1708 cmqxaycvs0cr2gxu0ujxcfpxo OK  -> 1782621732075_k7c5vrha494.m4a
[2026-09-23T17:24:06.046Z] #1348/1708 cmqxayb9t0cqygxu0twq9fykg OK  -> 1782621729639_72eyjcr369m.m4a
[2026-09-23T17:24:06.139Z] #1350/1708 cmqxay7ug0cqugxu0gqs910lu OK  -> 1782621725551_mg6s86pe6vv.m4a
[2026-09-23T17:24:06.273Z] #1349/1708 cmqxay9e30cqwgxu020icvuhw OK  -> 1782621727635_yik9z04zizt.m4a
[2026-09-23T17:24:13.855Z] #1351/1708 cmqxay68c0cqsgxu0g4zu0psw OK  -> 1782621723630_eznlcigk9m4.m4a
[2026-09-23T17:24:14.029Z] #1352/1708 cmqxay4r60cqqgxu00fead3ve OK  -> 1782621721716_jaytsa4j6ha.m4a
[2026-09-23T17:24:18.098Z] #1354/1708 cmpqv884u03owgx2v6url2o9v OK  -> 1780055739546_8dv9jmmm24u.m4a
[2026-09-23T17:24:28.912Z] #1356/1708 cmqxay0300cqggxu05u9h5lbn OK  -> 1782621715566_0iwptujv6g0.m4a
[2026-09-23T17:24:28.914Z] #1359/1708 cmpqv86r403ougx2voyh9u48g OK  -> 1780055737916_d1mxi9m6qjt.m4a
[2026-09-23T17:24:28.923Z] #1358/1708 cmo4dqhsc04mcgxgwiq4im2jw OK  -> 1776519320765_92a526k6c43.m4a
[2026-09-23T17:24:29.092Z] #1355/1708 cmqxay1p50cqigxu09l50px5h OK  -> 1782621717577_305qwf8stnc.m4a
[2026-09-23T17:24:34.415Z] #1353/1708 cmqxay3a90cqkgxu082dpfhny OK  -> 1782621719667_rm84uup0seg.m4a
[2026-09-23T17:24:34.478Z] #1357/1708 cmqxaxyiz0cqegxu0wed6zf61 OK  -> 1782621713522_k4gkf25psq8.m4a
[2026-09-23T17:24:36.736Z] #1362/1708 cmo4dqf9r04m8gxgwb46014ks OK  -> 1776519317616_9ey9xopsyii.m4a
[2026-09-23T17:24:36.865Z] #1363/1708 cmpqv849g03oqgx2vc11xhi8k OK  -> 1780055734740_ru21l6odj6s.m4a
[2026-09-23T17:24:39.432Z] #1360/1708 cmpqv85hh03osgx2vstjz2hvm OK  -> 1780055736329_vn94lcddog5.m4a
[2026-09-23T17:24:41.998Z] #1361/1708 cmo4dqgk804magxgwzz7cef09 OK  -> 1776519319085_4n72mqpeq8z.m4a
[2026-09-23T17:24:42.102Z] #1365/1708 cmpqv81sq03omgx2v2t0qp8rq OK  -> 1780055731594_9q7966k1aan.m4a
[2026-09-23T17:24:43.341Z] #1364/1708 cmpqv831903oogx2vrsk2qlv8 OK  -> 1780055733131_5r7a0beyxbl.m4a
[2026-09-23T17:24:44.687Z] #1366/1708 cmqxaxwy30cqcgxu05ipwu46g OK  -> 1782621711740_c1v82ubnnpa.m4a
[2026-09-23T17:24:47.099Z] #1368/1708 cmpqv80lz03okgx2v6mxtjten OK  -> 1780055730025_5bqrk05h0lx.m4a
[2026-09-23T17:24:49.035Z] #1369/1708 cmo4dqcui04m2gxgwdsfdv02q OK  -> 1776519314452_yam7pp9bi5b.m4a
[2026-09-23T17:24:52.214Z] #1370/1708 cmpqv7zef03oigx2va3p7u807 OK  -> 1780055728420_exh3bvvt7ms.m4a
[2026-09-23T17:24:52.338Z] #1367/1708 cmo4dqe4g04m6gxgwgo9axoya OK  -> 1776519315952_7a7rt81nald.m4a
[2026-09-23T17:24:52.444Z] #1372/1708 cmo4dqafv04lygxgwpvajrf7z OK  -> 1776519311320_uj1iztsjf6u.m4a
[2026-09-23T17:24:53.764Z] #1371/1708 cmo4dqboy04m0gxgwkyhfco75 OK  -> 1776519312846_e705uusq041.m4a
[2026-09-23T17:24:55.492Z] #1373/1708 cmpqv7y5k03oggx2vjmyny00a OK  -> 1780055726794_g3thq1cowk6.m4a
[2026-09-23T17:24:57.185Z] #1374/1708 cmo4dq99z04lwgxgwvquk4l2e OK  -> 1776519309811_eqa869er2yk.m4a
[2026-09-23T17:24:57.300Z] #1375/1708 cmpqv7wwm03oegx2vmk3ryh1v OK  -> 1780055725281_x0dor6j2j15.m4a
[2026-09-23T17:24:59.778Z] #1377/1708 cmpqv7vqn03ocgx2vr15jhtef OK  -> 1780055723703_rkkcbllf0hz.m4a
[2026-09-23T17:25:00.095Z] #1376/1708 cmo4dq83v04lsgxgwyxmem3cs OK  -> 1776519308274_hl5ot1jky5a.m4a
[2026-09-23T17:25:03.083Z] #1378/1708 cmpqv7uip03oagx2voab9m6kn OK  -> 1780055722065_c8nm36cenma.m4a
[2026-09-23T17:25:03.817Z] #1380/1708 cmpqv7t9503o8gx2v2hdgw3w8 OK  -> 1780055720457_i6uoxz431h6.m4a
[2026-09-23T17:25:07.791Z] #1382/1708 cmo4dq4ir04lmgxgw587twcl4 OK  -> 1776519303656_u8xrqp2xeke.m4a
[2026-09-23T17:25:07.796Z] #1379/1708 cmo4dq6xq04lqgxgwbs14vatf OK  -> 1776519306747_oz7rimufnjz.m4a
[2026-09-23T17:25:07.903Z] #1383/1708 cmpqv7s0l03o6gx2vy20adf6a OK  -> 1780055718868_gifcjf76vda.m4a
[2026-09-23T17:25:08.230Z] #1381/1708 cmo4dq5qg04logxgwjg2c5lqr OK  -> 1776519305158_7kbzpuhzowt.m4a
[2026-09-23T17:25:10.988Z] #1385/1708 cmpqv7qsc03o4gx2vvt8dx5ev OK  -> 1780055717274_w7pkqoznmon.m4a
[2026-09-23T17:25:14.845Z] #1384/1708 cmpqv7pk603o2gx2v108s339a OK  -> 1780055714252_d093gx45giz.m4a
[2026-09-23T17:25:14.928Z] #1387/1708 cmpqv7n8k03o0gx2vwy4q3vnu OK  -> 1780055712703_7ihwah3kfeo.m4a
[2026-09-23T17:25:15.062Z] #1389/1708 cmpqv7m1303nygx2vthx4b1ps OK  -> 1780055710865_0q819sw8w8y.m4a
[2026-09-23T17:25:18.295Z] #1388/1708 cmo4dq1sm04ligxgwgver2v67 OK  -> 1776519300060_f7pv3kpbidy.m4a
[2026-09-23T17:25:19.839Z] #1390/1708 cmo4dq0le04lggxgwtp8oecnc OK  -> 1776519298509_q3ojyzf6vrw.m4a
[2026-09-23T17:25:21.158Z] #1392/1708 cmpqv7jeg03nsgx2vz84obm4z OK  -> 1780055707698_da86sw08h5d.m4a
[2026-09-23T17:25:22.987Z] #1391/1708 cmpqv7km203nwgx2vczju9v2t OK  -> 1780055709304_q4cqmhao1my.m4a
[2026-09-23T17:25:23.466Z] #1386/1708 cmo4dq3d904lkgxgwzju1fwv7 OK  -> 1776519301628_0nutkhmb42z.m4a
[2026-09-23T17:25:26.703Z] #1393/1708 cmo4dpzdn04legxgwvw2vnq9v OK  -> 1776519297023_ftjmhxsoeoe.m4a
[2026-09-23T17:25:26.754Z] #1395/1708 cmo4dpy8x04lcgxgwtw7ajnbr OK  -> 1776519295437_h1mw292muw9.m4a
[2026-09-23T17:25:26.873Z] #1394/1708 cmpqv7i6703nogx2vw7nbks03 OK  -> 1780055706053_32erodhl9bt.m4a
[2026-09-23T17:25:29.069Z] #1396/1708 cmpqv7gwg03nmgx2va4es7elr OK  -> 1780055704460_oh8029ghta0.m4a
[2026-09-23T17:25:33.320Z] #1399/1708 cmpqv7fo703nkgx2vszr1f981 OK  -> 1780055702869_paoj1c8tzzy.m4a
[2026-09-23T17:25:33.644Z] #1397/1708 cmo4dpx0n04lagxgwyg8lskmu OK  -> 1776519293861_5zxyckifuzb.m4a
[2026-09-23T17:25:34.428Z] #1400/1708 cmpqv7eg103nigx2v6i17qwez OK  -> 1780055701318_45tmoe9h4jg.m4a
[2026-09-23T17:25:35.099Z] #1398/1708 cmo4dpvss04l8gxgwmdhy9d7r OK  -> 1776519292363_ywflfrq9hc0.m4a
[2026-09-23T17:25:35.572Z] #1401/1708 cmo4dpuna04l6gxgw4lx4ysx7 OK  -> 1776519290812_x8hxqbsr5wd.m4a
[2026-09-23T17:25:38.466Z] #1402/1708 cmo4dptg404l4gxgwacg8ht9i OK  -> 1776519289232_fpqcl9lzsiz.m4a
[2026-09-23T17:25:42.326Z] #1406/1708 cmpqv7aq403ncgx2vi4i9b6nn OK  -> 1780055696419_xntpzt5hynq.m4a
[2026-09-23T17:25:42.571Z] #1403/1708 cmpqv7d8w03nggx2vb0q4rxln OK  -> 1780055699695_hzn67upf6my.m4a
[2026-09-23T17:25:42.577Z] #1404/1708 cmpqv7bzu03negx2vtvv93fjd OK  -> 1780055698047_swzg116fkts.m4a
[2026-09-23T17:25:46.114Z] #1405/1708 cmo4dps7l04l2gxgw5wmcpvoa OK  -> 1776519287523_9m9dxy45j7i.m4a
[2026-09-23T17:25:46.124Z] #1408/1708 cmpqv79gt03nagx2vemirb80h OK  -> 1780055694676_lbfejmcti3d.m4a
[2026-09-23T17:25:46.221Z] #1407/1708 cmo4dpqw804l0gxgwj2ad2b49 OK  -> 1776519285947_sqs731twq9q.m4a
[2026-09-23T17:25:49.425Z] #1411/1708 cmpqv784f03n8gx2vwtqvgpbh OK  -> 1780055693044_33v11o7qo70.m4a
[2026-09-23T17:25:50.385Z] #1409/1708 cmo4dppoy04kygxgwrcv2yxkf OK  -> 1776519284348_hlhb70b24ol.m4a
[2026-09-23T17:25:52.003Z] #1410/1708 cmo4dpogm04kwgxgwf6rlvfo8 OK  -> 1776519282777_kr7at51mljx.m4a
[2026-09-23T17:25:53.679Z] #1414/1708 cmpqv74h603n4gx2v79p1qian OK  -> 1780055688356_8b0mst2a8vv.m4a
[2026-09-23T17:25:54.039Z] #1412/1708 cmpqv76v303n6gx2vh320wdw8 OK  -> 1780055689962_alw8rbdx5gl.m4a
[2026-09-23T17:25:56.539Z] #1415/1708 cmo4dplz704ksgxgwxlas45nw OK  -> 1776519279641_j34qoylxl3p.m4a
[2026-09-23T17:25:57.352Z] #1416/1708 cmpqv738s03n2gx2vqu5gfmex OK  -> 1780055686718_7h8jhlehysz.m4a
[2026-09-23T17:25:58.555Z] #1413/1708 cmo4dpn8t04kugxgws5p03stv OK  -> 1776519281125_4vy16ez92s2.m4a
[2026-09-23T17:25:59.590Z] #1418/1708 cmpqv71zr03n0gx2vlg2vz4qx OK  -> 1780055685162_zabbie5aais.m4a
[2026-09-23T17:26:01.837Z] #1419/1708 cmo4dpjb104kogxgwuuo9mceo OK  -> 1776519276128_9vhcsxvttiz.m4a
[2026-09-23T17:26:03.201Z] #1417/1708 cmo4dpktk04kqgxgw1u7vvv89 OK  -> 1776519277687_rhkog1bajsa.m4a
[2026-09-23T17:26:04.047Z] #1421/1708 cmpqv70s503mygx2v8bocbh5f OK  -> 1780055683579_46kpq6zbi9b.m4a
[2026-09-23T17:26:06.424Z] #1420/1708 cmo4dpi4l04kmgxgwot96lbm1 OK  -> 1776519274509_f311unyv6xi.m4a
[2026-09-23T17:26:08.062Z] #1422/1708 cmo4dpgus04kkgxgwsmq7dc19 OK  -> 1776519272931_r9ak8jetukx.m4a
[2026-09-23T17:26:08.188Z] #1423/1708 cmpqv6zka03mwgx2vbu4df0da OK  -> 1780055681971_ffswv8k73fa.m4a
[2026-09-23T17:26:09.611Z] #1424/1708 cmpqv6ybi03mugx2v0l5uedup OK  -> 1780055680349_5fbfz9vlu7p.m4a
[2026-09-23T17:26:09.619Z] #1426/1708 cmpqv6x2e03msgx2vot41jvrf OK  -> 1780055678721_qkqxemx2nx3.m4a
[2026-09-23T17:26:12.939Z] #1428/1708 cmpqv6vt803mqgx2vovf4pd0g OK  -> 1780055677138_whwbn51vjlf.m4a
[2026-09-23T17:26:15.992Z] #1425/1708 cmo4dpfmz04kigxgwp7kma1iv OK  -> 1776519271304_pr1ln7fhvgk.m4a
[2026-09-23T17:26:16.516Z] #1427/1708 cmo4dpeeh04kggxgwx5ktaeh1 OK  -> 1776519269817_wuckfozncio.m4a
[2026-09-23T17:26:17.303Z] #1429/1708 cmo4dpd8o04kegxgwiaxf11dq OK  -> 1776519268219_4318socrfp6.m4a
[2026-09-23T17:26:17.771Z] #1431/1708 cmpqv6ul903mogx2vaadohkhw OK  -> 1780055675278_i4d8ystoetp.m4a
[2026-09-23T17:26:18.237Z] #1430/1708 cmo4dpbyi04kcgxgwlx967mnt OK  -> 1776519266573_a1r4ceueo8q.m4a
[2026-09-23T17:26:20.671Z] #1432/1708 cmo4dpaqx04kagxgww9kv3dpf OK  -> 1776519265037_l8mb5tq6qkp.m4a
[2026-09-23T17:26:21.607Z] #1433/1708 cmpqv6t5m03mmgx2vb5e66wbq OK  -> 1780055673684_5qdi0lh9w8j.m4a
[2026-09-23T17:26:21.978Z] #1434/1708 cmpqv6rxc03mkgx2vkd98zthx OK  -> 1780055672108_7gfcmg7vvez.m4a
[2026-09-23T17:26:23.005Z] #1436/1708 cmpqv6qpl03migx2vd1hrqwwz OK  -> 1780055670468_v83qgfxibsf.m4a
[2026-09-23T17:26:24.205Z] #1435/1708 cmo4dp9kg04k8gxgwtza4mj0j OK  -> 1776519263499_t3ysurvzpu7.m4a
[2026-09-23T17:26:25.323Z] #1438/1708 cmpqv6pg003mggx2v7tc8ncab OK  -> 1780055668935_om8kjhnjipo.m4a
[2026-09-23T17:26:26.298Z] #1437/1708 cmo4dp8d704k6gxgw6hop60y3 OK  -> 1776519261695_1nqbeyoih8c.m4a
[2026-09-23T17:26:26.943Z] #1439/1708 cmpqv6o9c03megx2vtnbgu4sx OK  -> 1780055667318_89lodggnjoy.m4a
[2026-09-23T17:26:28.725Z] #1440/1708 cmo4dp6z304k4gxgwika0db7w OK  -> 1776519260139_af4kw1ujepp.m4a
[2026-09-23T17:26:28.884Z] #1441/1708 cmpqv6n0i03mcgx2vszh2vnfd OK  -> 1780055665754_p8u6xwp718t.m4a
[2026-09-23T17:26:30.341Z] #1443/1708 cmpqv6lt303magx2vy0d1c3zs OK  -> 1780055664169_rl9al5h78u4.m4a
[2026-09-23T17:26:31.470Z] #1445/1708 cmpqv6kkz03m8gx2v479cim8r OK  -> 1780055662567_x039ma3vly1.m4a
[2026-09-23T17:26:31.697Z] #1442/1708 cmo4dp5s604k2gxgwmhntnhn9 OK  -> 1776519258613_09cimtuykma.m4a
[2026-09-23T17:26:33.151Z] #1444/1708 cmo4dp4ls04k0gxgwct6dlhhu OK  -> 1776519257059_f665pl7rpa0.m4a
[2026-09-23T17:26:35.611Z] #1447/1708 cmo4dp24o04jugxgwi6zyesy0 OK  -> 1776519253911_khpdq8df61c.m4a
[2026-09-23T17:26:37.286Z] #1450/1708 cmpqv6hzq03m4gx2v4thchjjh OK  -> 1780055659164_ylqwf30y4fz.m4a
[2026-09-23T17:26:37.365Z] #1446/1708 cmo4dp3ch04jygxgwndedthko OK  -> 1776519255400_ydn6sd0oyh3.m4a
[2026-09-23T17:26:37.437Z] #1448/1708 cmpqv6jch03m6gx2vurxqwqw3 OK  -> 1780055660809_ukxjgim87fz.m4a
[2026-09-23T17:26:38.780Z] #1451/1708 cmpqv6gq903m2gx2vcw72lzwv OK  -> 1780055657550_nd1usao5zbj.m4a
[2026-09-23T17:26:40.901Z] #1449/1708 cmo4dp0z204jsgxgw0qynmz72 OK  -> 1776519252355_addod026o9e.m4a
[2026-09-23T17:26:42.998Z] #1456/1708 cmpqv6e6703lygx2vepiuo1w7 OK  -> 1780055654250_6srisohqkqi.m4a
[2026-09-23T17:26:43.129Z] #1454/1708 cmpqv6fgz03m0gx2vgxn27mpo OK  -> 1780055655866_j6m8d1xmbcv.m4a
[2026-09-23T17:26:44.360Z] #1455/1708 cmo4doxel04jigxgw0r17rk5p OK  -> 1776519247730_6kvxozsqz9y.m4a
[2026-09-23T17:26:45.480Z] #1452/1708 cmo4dozs604jqgxgwn4d8q93z OK  -> 1776519250820_6qmnnvkzex8.m4a
[2026-09-23T17:26:45.735Z] #1453/1708 cmo4doylg04jmgxgw4dqi2hiy OK  -> 1776519249272_wbok6qu1i14.m4a
[2026-09-23T17:26:46.578Z] #1457/1708 cmo4dow7804jggxgwqno1prne OK  -> 1776519246215_afzla4ccaeh.m4a
[2026-09-23T17:26:46.716Z] #1459/1708 cmppml7gd00frgx2vuayc1ny9 OK  -> 1779980762734_7jldz2qnt7n.m4a
[2026-09-23T17:26:48.693Z] #1460/1708 cmppml6ag00fpgx2v0pkepcor OK  -> 1779980761148_ilp1uiaxxxl.m4a
[2026-09-23T17:26:51.131Z] #1461/1708 cmppml52200fngx2vu79yyx9r OK  -> 1779980759590_ebngrskwxl5.m4a
[2026-09-23T17:26:51.299Z] #1458/1708 cmo4dov1n04jegxgwo0sdi5s9 OK  -> 1776519244730_06g8io254wl.m4a
[2026-09-23T17:26:51.437Z] #1464/1708 cmppml2kv00fjgx2vyzdofqd2 OK  -> 1779980756429_b0h6wq9e5t8.m4a
[2026-09-23T17:26:54.215Z] #1465/1708 cmppml1ey00fhgx2vioe8gmbv OK  -> 1779980754871_bkzhy0gea4r.m4a
[2026-09-23T17:26:54.326Z] #1463/1708 cmo4dotvs04jcgxgwnoj2s5dk OK  -> 1776519243164_i8zpyuytarm.m4a
[2026-09-23T17:26:56.043Z] #1462/1708 cmppml3us00flgx2ve8tg4viv OK  -> 1779980757937_a3fr5n8n0b9.m4a
[2026-09-23T17:26:56.145Z] #1467/1708 cmppml07r00ffgx2vw7j3y6ko OK  -> 1779980753341_zhfjfpg19to.m4a
[2026-09-23T17:27:01.425Z] #1468/1708 cmo4dorhj04j8gxgw6dcuks7u OK  -> 1776519240036_2bpct5vt10b.m4a
[2026-09-23T17:27:01.427Z] #1469/1708 cmo4doq8s04j6gxgwhqvxvpnf OK  -> 1776519238387_26pjytl9rz4.m4a
[2026-09-23T17:27:01.569Z] #1471/1708 cmppmkz1200fdgx2vz1ss35oh OK  -> 1779980750608_qjvd45ta9a8.m4a
[2026-09-23T17:27:02.663Z] #1472/1708 cmo4dons504j2gxgw1jnvmbhs OK  -> 1776519235276_gkjspkvvpls.m4a
[2026-09-23T17:27:03.824Z] #1466/1708 cmo4dosoo04jagxgwumt8io1y OK  -> 1776519241618_ppfwna07fnz.m4a
[2026-09-23T17:27:05.917Z] #1475/1708 cmppmkvph00f9gx2vy8xwxs7m OK  -> 1779980747436_c1xkhe5orip.m4a
[2026-09-23T17:27:06.016Z] #1473/1708 cmppmkwxb00fbgx2vzb6zvcni OK  -> 1779980749030_k5by7terzt4.m4a
[2026-09-23T17:27:07.864Z] #1476/1708 cmppmkuh500f7gx2vf0f2wm8v OK  -> 1779980745849_tm9g688igk5.m4a
[2026-09-23T17:27:08.021Z] #1470/1708 cmo4doozx04j4gxgwud8rlodn OK  -> 1776519236805_w4hhhmittfw.m4a
[2026-09-23T17:27:08.339Z] #1474/1708 cmo4domks04j0gxgweook8j4q OK  -> 1776519233796_g2zjs4ijqvr.m4a
[2026-09-23T17:27:10.494Z] #1479/1708 cmppmks0w00f3gx2v3ztjwhiy OK  -> 1779980742740_hqbb4all0jc.m4a
[2026-09-23T17:27:10.635Z] #1477/1708 cmo4dolfv04iygxgwjz8yc6sf OK  -> 1776519232231_1fldykvih3s.m4a
[2026-09-23T17:27:12.626Z] #1478/1708 cmo4dok8f04iwgxgw97g8ry61 OK  -> 1776519230682_83jxikfeyap.m4a
[2026-09-23T17:27:12.752Z] #1481/1708 cmppmkt9600f5gx2vfbvnqtwl OK  -> 1779980744255_o0z2kzwxdun.m4a
[2026-09-23T17:27:16.353Z] #1480/1708 cmo4doj1k04iugxgw9t5tz35n OK  -> 1776519229112_4r53w8w93fl.m4a
[2026-09-23T17:27:16.381Z] #1483/1708 cmppmkquq00f1gx2vbevyvjke OK  -> 1779980741041_ujr49kn4l2s.m4a
[2026-09-23T17:27:16.516Z] #1482/1708 cmo4dohu804isgxgwni81wnh7 OK  -> 1776519227520_gk5nal1hv1w.m4a
[2026-09-23T17:27:18.257Z] #1485/1708 cmppmkpji00ezgx2vl6407d3x OK  -> 1779980739386_7pwxg1vq9r8.m4a
[2026-09-23T17:27:18.440Z] #1484/1708 cmo4dogl604iqgxgwlh0qtszw OK  -> 1776519225923_6wj7y9zj0ed.m4a
[2026-09-23T17:27:19.262Z] #1486/1708 cmo4dofdn04iogxgw1q0skbn3 OK  -> 1776519224394_2nzc8a2l853.m4a
[2026-09-23T17:27:21.034Z] #1489/1708 cmppmkn2h00evgx2v1iyhbu3i OK  -> 1779980736306_1fiti4xg476.m4a
[2026-09-23T17:27:21.226Z] #1487/1708 cmppmko9k00exgx2vknw62cbn OK  -> 1779980737834_k5ll495hbel.m4a
[2026-09-23T17:27:23.301Z] #1491/1708 cmppmklw100etgx2v3awsbuuj OK  -> 1779980734730_kdsprotkpi8.m4a
[2026-09-23T17:27:23.438Z] #1492/1708 cmppmkko800ergx2vkgsh5msm OK  -> 1779980733200_77berivasnj.m4a
[2026-09-23T17:27:24.923Z] #1490/1708 cmo4dod0504ikgxgwlg43bf82 OK  -> 1776519221233_m6k2w9gv5sg.m4a
[2026-09-23T17:27:25.023Z] #1488/1708 cmo4doe7904imgxgwezbt4b5b OK  -> 1776519222857_b1wzp446dxy.m4a
[2026-09-23T17:27:26.538Z] #1493/1708 cmo4dobqz04iigxgwuz9p0q1g OK  -> 1776519219686_hkoypkd9k6q.m4a
[2026-09-23T17:27:27.821Z] #1495/1708 cmppmkjho00epgx2vcht1qie7 OK  -> 1779980731686_5awylpesmqy.m4a
[2026-09-23T17:27:27.928Z] #1496/1708 cmppmkibo00engx2vs5bql0po OK  -> 1779980730139_uep9z3cktxc.m4a
[2026-09-23T17:27:28.441Z] #1494/1708 cmo4doakl04iggxgwj1xmpmod OK  -> 1776519218180_9vkexa1eqiq.m4a
[2026-09-23T17:27:29.765Z] #1498/1708 cmppmkh4l00elgx2vrs1710m2 OK  -> 1779980728588_glg9iesz91v.m4a
[2026-09-23T17:27:33.005Z] #1500/1708 cmppmkfxt00ejgx2v1xevyy0i OK  -> 1779980726977_ai1yfss73iy.m4a
[2026-09-23T17:27:33.047Z] #1497/1708 cmo4do9en04iegxgwf42y9z4g OK  -> 1776519216627_paw0qj9r96r.m4a
[2026-09-23T17:27:35.204Z] #1503/1708 cmppmkeox00ehgx2vqjbzyb5k OK  -> 1779980725398_e1k9g7g6v6r.m4a
[2026-09-23T17:27:35.338Z] #1501/1708 cmo4do6z804iagxgwchyflm92 OK  -> 1776519213461_wjym1ush9jp.m4a
[2026-09-23T17:27:36.754Z] #1502/1708 cmo4do5rj04i8gxgwg2kf4bou OK  -> 1776519211917_sw5qtwobvtx.m4a
[2026-09-23T17:27:37.896Z] #1499/1708 cmo4do87p04icgxgwwnc3kdue OK  -> 1776519215024_qk8xgoa5u3r.m4a
[2026-09-23T17:27:39.746Z] #1507/1708 cmppmkdh200efgx2v5af3tnu2 OK  -> 1779980723733_apur4tj91bg.m4a
[2026-09-23T17:27:39.850Z] #1505/1708 cmo4do3ad04i4gxgw54lep8f6 OK  -> 1776519208681_z9tce4u861c.m4a
[2026-09-23T17:27:41.117Z] #1504/1708 cmo4do4ka04i6gxgwl0bu9mid OK  -> 1776519210296_tta9r445xxy.m4a
[2026-09-23T17:27:41.228Z] #1508/1708 cmppmkc6r00edgx2vk42qz3pm OK  -> 1779980722183_xd9fi6760wk.m4a
[2026-09-23T17:27:42.241Z] #1506/1708 cmo4do22g04i2gxgwsaixiu0a OK  -> 1776519207082_tivkmgpykwo.m4a
[2026-09-23T17:27:45.328Z] #1509/1708 cmo4do0ut04i0gxgw2ogpw573 OK  -> 1776519205525_unvpfgiwizt.m4a
[2026-09-23T17:27:45.908Z] #1511/1708 cmppmk8sq00e9gx2v980di5e6 OK  -> 1779980717791_qykzqnqefj9.m4a
[2026-09-23T17:27:46.895Z] #1510/1708 cmppmkazq00ebgx2vuibcyh0b OK  -> 1779980719346_ot9530wytdh.m4a
[2026-09-23T17:27:47.398Z] #1513/1708 cmppmk7lh00e7gx2v88qbcssi OK  -> 1779980716171_bukqpg28iad.m4a
[2026-09-23T17:27:47.574Z] #1514/1708 cmo4dnyg304hwgxgwcginy42s OK  -> 1776519202457_vdpj48f8tns.m4a
[2026-09-23T17:27:47.916Z] #1512/1708 cmo4dnzmn04hygxgw88umybsi OK  -> 1776519203990_12szp4ku6ly.m4a
[2026-09-23T17:27:54.120Z] #1515/1708 cmo4dnx9n04hugxgwljxn85kc OK  -> 1776519200860_ox86nn038un.m4a
[2026-09-23T17:27:54.658Z] #1519/1708 cmppmk54q00e1gx2vsbblp5af OK  -> 1779980713049_erg8cs8glr9.m4a
[2026-09-23T17:27:55.236Z] #1517/1708 cmppmk6d100e3gx2v21axmo7r OK  -> 1779980714588_vjkkigp6dmh.m4a
[2026-09-23T17:27:56.856Z] #1518/1708 cmo4dnw1104hsgxgwwpl01msb OK  -> 1776519199255_qzsshegxjfb.m4a
[2026-09-23T17:27:57.143Z] #1520/1708 cmo4dnus904hqgxgwlv43owuc OK  -> 1776519197614_vb5omuv1c1l.m4a
[2026-09-23T17:27:59.754Z] #1522/1708 cmppmk2r200dxgx2vtfsmpswd OK  -> 1779980709875_2woxu8f9lpb.m4a
[2026-09-23T17:28:00.129Z] #1521/1708 cmppmk3y100dzgx2vnesf2wvj OK  -> 1779980711506_vpg3sa57m66.m4a
[2026-09-23T17:28:02.581Z] #1524/1708 cmppmk1hw00dvgx2v1z2vy5wp OK  -> 1779980708325_i4ex0fwfv79.m4a
[2026-09-23T17:28:04.998Z] #1525/1708 cmo4dnsc204hkgxgwbrwoa0wx OK  -> 1776519194539_8mayl68xyas.m4a
[2026-09-23T17:28:05.602Z] #1526/1708 cmppmk0an00dtgx2vj52plp13 OK  -> 1779980706798_vwgurb6rmg3.m4a
[2026-09-23T17:28:06.168Z] #1523/1708 cmo4dntj104hogxgwqzsvxqak OK  -> 1776519196050_4touul87pho.m4a
[2026-09-23T17:28:07.240Z] #1527/1708 cmo4dnr5l04higxgw2e2nhrpn OK  -> 1776519192993_p4s01tkv30u.m4a
[2026-09-23T17:28:09.472Z] #1529/1708 cmppmjz4b00drgx2vi6rrbr4f OK  -> 1779980705251_mderzjqyeph.m4a
[2026-09-23T17:28:11.418Z] #1528/1708 cmo4dnpyp04hggxgw859ewhhp OK  -> 1776519191385_5bfyf1zfhp8.m4a
[2026-09-23T17:28:12.050Z] #1532/1708 cmppmjwpq00dngx2vbgua9xgz OK  -> 1779980702128_yfh6nwr36xl.m4a
[2026-09-23T17:28:12.408Z] #1531/1708 cmppmjxxf00dpgx2v7q19uac4 OK  -> 1779980703680_5chc2jei7uj.m4a
[2026-09-23T17:28:13.579Z] #1530/1708 cmo4dnoqf04hegxgwiajla23b OK  -> 1776519189843_8f8qghre5em.m4a
[2026-09-23T17:28:14.954Z] #1533/1708 cmo4dnnj804h6gxgwiuvgo4ye OK  -> 1776519188324_aemsn3vkog0.m4a
[2026-09-23T17:28:16.869Z] #1535/1708 cmppmjvis00dlgx2vyajc3zag OK  -> 1779980700612_fvgo8jb09i3.m4a
[2026-09-23T17:28:19.002Z] #1537/1708 cmppmjucg00djgx2viyx3fw4l OK  -> 1779980699072_aempb9yk2un.m4a
[2026-09-23T17:28:19.196Z] #1536/1708 cmo4dnl6d04h2gxgw0dsacu41 OK  -> 1776519185181_wpm09sp7gnh.m4a
[2026-09-23T17:28:20.813Z] #1534/1708 cmo4dnmdj04h4gxgws4aevkny OK  -> 1776519186773_4y5cdkoyx4f.m4a
[2026-09-23T17:28:22.920Z] #1539/1708 cmppmjt5s00dhgx2vph2l479s OK  -> 1779980697484_oujygkvb2d8.m4a
[2026-09-23T17:28:24.793Z] #1541/1708 cmppmjrxm00dfgx2vbwe75muu OK  -> 1779980695886_qcj6xrnerir.m4a
[2026-09-23T17:28:24.927Z] #1538/1708 cmo4dnjxk04h0gxgw8oeghgdj OK  -> 1776519183631_crjczbvhwin.m4a
[2026-09-23T17:28:25.118Z] #1542/1708 cmppmjqp600ddgx2vslytij8y OK  -> 1779980694268_g8wwpkzfhh2.m4a
[2026-09-23T17:28:26.602Z] #1540/1708 cmo4dniqz04gygxgwvuddk2ot OK  -> 1776519182088_mz207lmi7zo.m4a
[2026-09-23T17:28:32.040Z] #1547/1708 cmppmjo4o00d9gx2v6851rfrx OK  -> 1779980690961_8v8yu3o26du.m4a
[2026-09-23T17:28:32.333Z] #1545/1708 cmppmjpgb00dbgx2vmsejrxi5 OK  -> 1779980692553_1ji5a8as2om.m4a
[2026-09-23T17:28:34.570Z] #1546/1708 cmo4dnez304gsgxgwym1vbk1n OK  -> 1776519177273_menh4uj9w7m.m4a
[2026-09-23T17:28:34.859Z] #1543/1708 cmo4dnhk704gwgxgw120ogjan OK  -> 1776519180419_ptxgbyl0z8t.m4a
[2026-09-23T17:28:38.495Z] #1544/1708 cmo4dng9b04gugxgwir3ij5t3 OK  -> 1776519178761_nscvs7qvhyo.m4a
[2026-09-23T17:28:40.182Z] #1550/1708 cmppmjmwf00d7gx2v3hnur3kb OK  -> 1779980689304_8rvzqs51vut.m4a
[2026-09-23T17:28:43.707Z] #1548/1708 cmo4dnduv04gqgxgwnyk3ult1 OK  -> 1776519175632_4kei47i2era.m4a
[2026-09-23T17:28:43.858Z] #1552/1708 cmppmjlmp00d5gx2vwk3s7kpp OK  -> 1779980687757_hxfahznyjog.m4a
[2026-09-23T17:28:44.050Z] #1549/1708 cmo4dnckk04gogxgwerm7tgm5 OK  -> 1776519174061_ldegbuvuwfz.m4a
[2026-09-23T17:28:45.931Z] #1551/1708 cmo4dnbdd04gmgxgwflm4aij4 OK  -> 1776519172408_q06qsuzs9di.m4a
[2026-09-23T17:28:46.022Z] #1553/1708 cmppmjkfk00d3gx2vhdw0oxok OK  -> 1779980686180_evuqnhsmvz3.m4a
[2026-09-23T17:28:49.450Z] #1556/1708 cmppmjj7e00d1gx2vgp265hxe OK  -> 1779980684542_a9f4wd288xc.m4a
[2026-09-23T17:28:51.225Z] #1557/1708 cmppmjhxm00czgx2vlnlydwbr OK  -> 1779980682636_wmyjk183g4t.m4a
[2026-09-23T17:28:54.503Z] #1555/1708 cmo4dn8v804gigxgw7ledfwkm OK  -> 1776519168938_gujo1qtrrns.m4a
[2026-09-23T17:28:56.548Z] #1554/1708 cmo4dna3604gkgxgwx4zbp3qz OK  -> 1776519170839_g93u4pgeznc.m4a
[2026-09-23T17:29:00.297Z] #1560/1708 cmo4dn4qj04gcgxgwh37ikjdi OK  -> 1776519163923_150livf60lo.m4a
[2026-09-23T17:29:00.355Z] #1559/1708 cmo4dn61304gegxgwnvd85rnw OK  -> 1776519165477_akjp7dmu0qn.m4a
[2026-09-23T17:29:00.410Z] #1558/1708 cmo4dn7ea04gggxgwb4dnjnqu OK  -> 1776519167197_e036ntpjbcz.m4a
[2026-09-23T17:29:00.416Z] #1561/1708 cmpo6tmzl0cvrgx3fiduky1g7 OK  -> 1779893815919_p8q6adlhzxs.m4a
[2026-09-23T17:29:06.878Z] #1566/1708 cmpo6tja20cvjgx3ffflox1wo OK  -> 1779893811157_e1taqin5gxx.m4a
[2026-09-23T17:29:07.197Z] #1565/1708 cmpo6tkh10cvlgx3fl3oebmx3 OK  -> 1779893812797_diyovc31dic.m4a
[2026-09-23T17:29:07.236Z] #1563/1708 cmpo6tlp40cvngx3f3qgyfekv OK  -> 1779893814342_q6i1mexfw6g.m4a
[2026-09-23T17:29:09.667Z] #1564/1708 cmo4dn29804g6gxgwxeff5509 OK  -> 1776519160672_i0ek5k4hepa.m4a
[2026-09-23T17:29:09.668Z] #1562/1708 cmo4dn3ix04gagxgwwg21zjp4 OK  -> 1776519162274_ow4najv3vwf.m4a
[2026-09-23T17:29:13.669Z] #1568/1708 cmpo6ti0t0cvhgx3fnwm8l84r OK  -> 1779893809049_sq74qayjmfk.m4a
[2026-09-23T17:29:15.184Z] #1570/1708 cmpo6tge10cvfgx3f9fz8um9z OK  -> 1779893807473_uiggbx7dzf0.m4a
[2026-09-23T17:29:15.561Z] #1567/1708 cmo4dn10u04g4gxgwxqb45inr OK  -> 1776519159101_3lwp6wpoavy.m4a
[2026-09-23T17:29:16.699Z] #1569/1708 cmo4dmzth04g0gxgwx2g9ql7x OK  -> 1776519157562_g9upgqhkw3y.m4a
[2026-09-23T17:29:18.900Z] #1571/1708 cmo4dmymq04fygxgwof1ozeso OK  -> 1776519155942_jicxkhy1zko.m4a
[2026-09-23T17:29:19.005Z] #1572/1708 cmpo6tf670cvdgx3fo5ldhreu OK  -> 1779893805965_2llc0mayql9.m4a
[2026-09-23T17:29:19.972Z] #1573/1708 cmpo6te060cvbgx3fh6f7jtaz OK  -> 1779893804456_1a890gtct87.m4a
[2026-09-23T17:29:29.701Z] #1577/1708 cmpo6tbl80cv5gx3fnacwc4g2 OK  -> 1779893801294_1256mp85m0f.m4a
[2026-09-23T17:29:30.733Z] #1574/1708 cmo4dmxdm04fwgxgwz2etrjje OK  -> 1776519154254_aldli4sxsob.m4a
[2026-09-23T17:29:31.061Z] #1576/1708 cmpo6tcue0cv7gx3fau1o1jzd OK  -> 1779893802831_zx52vqa4wom.m4a
[2026-09-23T17:29:31.169Z] #1578/1708 cmo4dmuso04fsgxgwg7zh564q OK  -> 1776519151057_afiv2679kt5.m4a
[2026-09-23T17:29:31.441Z] #1575/1708 cmo4dmw2304fugxgw0tf7rd0n OK  -> 1776519152594_bfjtmrkoslj.m4a
[2026-09-23T17:29:32.347Z] #1516/1708 cmqxiyt4o0dzpgxu0wzuirj4o OK  -> 1782635185532_6nj4lm5bdln.m4a
[2026-09-23T17:29:38.749Z] #1579/1708 cmpo6taex0cv3gx3fsv8ophdv OK  -> 1779893799713_nyx8ie0d1kw.m4a
[2026-09-23T17:29:40.320Z] #1582/1708 cmo4dmqz804fmgxgw1fabkwkc OK  -> 1776519146053_e2ohx1e4jnm.m4a
[2026-09-23T17:29:41.166Z] #1583/1708 cmpo6t96n0cv1gx3fwypljy2l OK  -> 1779893798150_zhk1oif3wgg.m4a
[2026-09-23T17:29:42.622Z] #1584/1708 cmpo6t7z70cuzgx3ft2epim5p OK  -> 1779893796500_d5a69n99dmk.m4a
[2026-09-23T17:29:42.720Z] #1581/1708 cmo4dms8c04fogxgw4kb2x5we OK  -> 1776519147650_6hwxnr19bt8.m4a
[2026-09-23T17:29:45.793Z] #1585/1708 cmpo6t6pf0cuxgx3fs9wi98rj OK  -> 1779893794894_jx99dmlzpny.m4a
[2026-09-23T17:29:45.939Z] #1580/1708 cmo4dmtmj04fqgxgwjxjtg9mz OK  -> 1776519149313_ca90yyyt7xd.m4a
[2026-09-23T17:29:47.782Z] #1587/1708 cmpo6t5go0cuvgx3fgwh5ekps OK  -> 1779893793243_fvbqd23wquz.m4a
[2026-09-23T17:29:48.028Z] #1588/1708 cmpo6t46v0cutgx3ftmwf58be OK  -> 1779893791690_grkcfh7l8av.m4a
[2026-09-23T17:29:50.506Z] #1586/1708 cmo4dmppv04fkgxgw95yq4f83 OK  -> 1776519144330_eqh3k673yja.m4a
[2026-09-23T17:29:50.756Z] #1591/1708 cmpo6t2zu0curgx3f5pjzeo4u OK  -> 1779893790146_pynfjh8xoaj.m4a
[2026-09-23T17:29:53.902Z] #1589/1708 cmo4dmoff04figxgwq97dujl8 OK  -> 1776519142735_dk6djqg7ees.m4a
[2026-09-23T17:29:53.956Z] #1590/1708 cmo4dmn6b04fegxgwb9vzpm68 OK  -> 1776519141210_azd3uwh3iak.m4a
[2026-09-23T17:29:54.073Z] #1592/1708 cmpo6t1sw0cupgx3f5e032tki OK  -> 1779893788597_6uoocxa9zmd.m4a
[2026-09-23T17:29:55.834Z] #1594/1708 cmpo6t0m20cungx3f9vx8bm53 OK  -> 1779893786924_5k3kicpic5h.m4a
[2026-09-23T17:29:56.343Z] #1593/1708 cmo4dmm0d04fcgxgw1ia4fjil OK  -> 1776519139639_jgqs67hyqdd.m4a
[2026-09-23T17:29:58.020Z] #1595/1708 cmo4dmksn04f8gxgwskx6q9ny OK  -> 1776519138055_oltxb25liyf.m4a
[2026-09-23T17:30:01.161Z] #1596/1708 cmpo6szbc0cujgx3flhzh0chg OK  -> 1779893784975_z8nzyn0njdu.m4a
[2026-09-23T17:30:01.312Z] #1599/1708 cmpo6sxt80cu9gx3fw5fx4yhw OK  -> 1779893782935_3t42cqkfjpk.m4a
[2026-09-23T17:30:02.282Z] #1600/1708 cmpo6sw8i0cu7gx3fjh0eqbcz OK  -> 1779893781308_gwmsr9bnnkq.m4a
[2026-09-23T17:30:04.186Z] #1598/1708 cmo4dmi6z04f4gxgwpch1h237 OK  -> 1776519134665_p9bb156vgh4.m4a
[2026-09-23T17:30:06.425Z] #1597/1708 cmo4dmjja04f6gxgwvgb44xdb OK  -> 1776519136293_8xps8jicb77.m4a
[2026-09-23T17:30:06.496Z] #1602/1708 cmpo6suzm0cu5gx3fdjrn280m OK  -> 1779893779699_25tq1gj257u.m4a
[2026-09-23T17:30:06.603Z] #1604/1708 cmpo6str10cu3gx3fpjrwo27n OK  -> 1779893778157_78nmgrxwzqx.m4a
[2026-09-23T17:30:07.871Z] #1603/1708 cmo4dmfo504eygxgwdrd0y57d OK  -> 1776519131412_1hbwap2g0ds.m4a
[2026-09-23T17:30:10.942Z] #1601/1708 cmo4dmgyr04f0gxgwcb2uwklf OK  -> 1776519133031_j0lpqhj2blw.m4a
[2026-09-23T17:30:12.182Z] #1607/1708 cmpo6ssjt0cu1gx3fx4god2zh OK  -> 1779893776530_s0b0vf9293c.m4a
[2026-09-23T17:30:13.043Z] #1608/1708 cmpo6sran0ctzgx3fgielc212 OK  -> 1779893774892_ltai6qqnkmm.m4a
[2026-09-23T17:30:14.332Z] #1605/1708 cmo4dmegk04eugxgw15z2jgzx OK  -> 1776519129856_iyumqv548cv.m4a
[2026-09-23T17:30:14.468Z] #1606/1708 cmo4dmd9204esgxgw8zcnnjhb OK  -> 1776519127146_t1o355b6njt.m4a
[2026-09-23T17:30:16.868Z] #1609/1708 cmo4dmb6104eqgxgws1gaffpw OK  -> 1776519125531_l8ed5k5575g.m4a
[2026-09-23T17:30:17.008Z] #1611/1708 cmpo6sq170ctxgx3fn5gtk46y OK  -> 1779893773246_cgrl86w1zm6.m4a
[2026-09-23T17:30:18.429Z] #1613/1708 cmpo6sora0ctpgx3fyjxeaylz OK  -> 1779893771658_i4atdyunnw6.m4a
[2026-09-23T17:30:18.797Z] #1610/1708 cmo4dm9x104eogxgwzr4crqey OK  -> 1776519123975_360b4b6r4vm.m4a
[2026-09-23T17:30:21.069Z] #1614/1708 cmo4dm7fv04ekgxgw675se6pq OK  -> 1776519120773_y4aeb26f3i2.m4a
[2026-09-23T17:30:22.802Z] #1615/1708 cmpo6snir0ctngx3ftc6cib57 OK  -> 1779893769717_qjuc4t67w90.m4a
[2026-09-23T17:30:25.309Z] #1612/1708 cmo4dm8pl04emgxgwuvoh0w7g OK  -> 1776519122309_o26kmh52p7v.m4a
[2026-09-23T17:30:27.097Z] #1617/1708 cmo4dm50v04eggxgwpvog8cjn OK  -> 1776519117566_25s10jai2ur.m4a
[2026-09-23T17:30:27.375Z] #1616/1708 cmo4dm68904eigxgwgzwt0kx9 OK  -> 1776519119186_4dp9o7wxvlv.m4a
[2026-09-23T17:30:30.131Z] #1619/1708 cmo4dm2ix04ecgxgw4gqknbly OK  -> 1776519114282_wwnuows24xt.m4a
[2026-09-23T17:30:31.817Z] #1618/1708 cmo4dm3rr04eegxgwkka0afg3 OK  -> 1776519115960_iye2ls0z6bv.m4a
[2026-09-23T17:30:33.308Z] #1620/1708 cmo4dm18z04eagxgw49uanull OK  -> 1776519112685_igot7ggav8c.m4a
[2026-09-23T17:30:33.479Z] #1621/1708 cmo4dm00504e8gxgw5p11k1js OK  -> 1776519111092_czskcpejal5.m4a
[2026-09-23T17:30:34.778Z] #1622/1708 cmo4dlys804e6gxgw9y2yguyu OK  -> 1776519109499_nm83c4m86sk.m4a
[2026-09-23T17:30:36.384Z] #1624/1708 cmo4dlw9y04e2gxgworxrpkzi OK  -> 1776519106318_yauagjicu8w.m4a
[2026-09-23T17:30:37.957Z] #1623/1708 cmo4dlxjq04e4gxgwrftrtfs4 OK  -> 1776519107866_zfod8qwuqn9.m4a
[2026-09-23T17:30:40.557Z] #1625/1708 cmo4dlv3k04e0gxgw3he0gclj OK  -> 1776519104746_hbmru4n4i89.m4a
[2026-09-23T17:30:40.751Z] #1626/1708 cmo4dltvg04dygxgw6xwcorfe OK  -> 1776519103233_60xn0b2qw2x.m4a
[2026-09-23T17:30:42.238Z] #1628/1708 cmo4dlrga04dugxgw9r5mgehk OK  -> 1776519100028_2bxbf6zoxhw.m4a
[2026-09-23T17:30:43.758Z] #1629/1708 cmo4dlq8u04dsgxgwagugjxx9 OK  -> 1776519098444_o7xaywl6edc.m4a
[2026-09-23T17:30:46.711Z] #1627/1708 cmo4dlspp04dwgxgw0iggzzil OK  -> 1776519101593_kfei0trttbs.m4a
[2026-09-23T17:30:48.286Z] #1630/1708 cmo4dlp0m04dqgxgwszhc6yy6 OK  -> 1776519096771_3sxtn2q8onf.m4a
[2026-09-23T17:30:50.043Z] #1631/1708 cmo4dlnqe04dogxgwzv7wmcgs OK  -> 1776519095145_34b3dhrvuq0.m4a
[2026-09-23T17:30:52.719Z] #1632/1708 cmo4dlmh604dmgxgww9zgmqi6 OK  -> 1776519093523_3bzcjy8yyzv.m4a
[2026-09-23T17:30:52.727Z] #1633/1708 cmo4dll7x04dkgxgwq7u22djk OK  -> 1776519091913_y7obfu095ko.m4a
[2026-09-23T17:30:52.916Z] #1634/1708 cmo4dljz104digxgwo6hmsejk OK  -> 1776519090281_ku45j4ftds7.m4a
[2026-09-23T17:30:56.170Z] #1635/1708 cmo4dlip004dggxgwvw1wb6xb OK  -> 1776519088685_2z4c82tj5jv.m4a
[2026-09-23T17:31:00.783Z] #1637/1708 cmo4dlg6n04dcgxgw06c17u8r OK  -> 1776519085271_5r5868e2cgw.m4a
[2026-09-23T17:31:02.085Z] #1636/1708 cmo4dlhhg04degxgw6t3466co OK  -> 1776519087012_dax67sfza8t.m4a
[2026-09-23T17:31:02.294Z] #1639/1708 cmo4dldj404d8gxgworqjgeoo OK  -> 1776519081893_07slm02f75g.m4a
[2026-09-23T17:31:03.834Z] #1638/1708 cmo4dletm04dagxgwh59zjmb3 OK  -> 1776519083562_adjk2tkyk1t.m4a
[2026-09-23T17:31:06.006Z] #1641/1708 cmo4dlawa04d2gxgwxgc6z6yv OK  -> 1776519078395_fnuwhujjvtd.m4a
[2026-09-23T17:31:08.803Z] #1640/1708 cmo4dlc8n04d4gxgw18in2ehb OK  -> 1776519080149_eg4evmroord.m4a
[2026-09-23T17:31:09.264Z] #1644/1708 cmqxiyj330dzlgxu0gx6jeggn OK  -> 1782635177567_tpavngx3tlg.m4a
[2026-09-23T17:31:16.584Z] #1642/1708 cmo4dl9jf04d0gxgwrvcc65g9 OK  -> 1776519076586_vil9ilpj8ta.m4a
[2026-09-23T17:31:44.723Z] #1646/1708 cmqxiyff10dzhgxu0uetjcw3l OK  -> 1782635171729_oc50bk7id9v.m4a
[2026-09-23T17:31:52.163Z] #1647/1708 cmqxiyddy0dzfgxu0vih6av7k OK  -> 1782635169012_sjgmfjj67un.m4a
[2026-09-23T17:31:54.935Z] #1648/1708 cmqxiyba40dzdgxu0velykcq6 OK  -> 1782635166122_3sihch8dcbb.m4a
[2026-09-23T17:32:01.149Z] #1645/1708 cmqxiyhvt0dzjgxu0enbb5jyn OK  -> 1782635174373_jvxl3z7i218.m4a
[2026-09-23T17:32:09.579Z] #1649/1708 cmqxiy91n0dzbgxu0yb9besk8 OK  -> 1782635163513_txo2t1f2r2p.m4a
[2026-09-23T17:32:21.183Z] #1650/1708 cmqxiy7140dz9gxu0v6ascaze OK  -> 1782635160784_35pt69ry5bi.m4a
[2026-09-23T17:32:33.026Z] #1655/1708 cmmuk1d6a05h9gx4uicl82aak OK  -> 1773748461088_v8ik2ccc7on.m4a
[2026-09-23T17:32:37.515Z] #1653/1708 cmqxiy0os0dyzgxu07zyyyy45 OK  -> 1782635152648_uqrb9898x2d.m4a
[2026-09-23T17:32:47.353Z] #1643/1708 cmqxiyo0y0dzngxu0fjkkm73d OK  -> 1782635179124_v0e91ohq440.m4a
[2026-09-23T17:32:47.456Z] #1652/1708 cmqxiy2s50dz1gxu06cypfmyh OK  -> 1782635155291_t7hp2ukz377.m4a
[2026-09-23T17:32:47.465Z] #1654/1708 cmqxixynd0dyvgxu06jdv6a9g OK  -> 1782635150065_vyaro0dw55c.m4a
[2026-09-23T17:32:51.140Z] #1651/1708 cmqxiy4xi0dz3gxu07tamoltw OK  -> 1782635157998_u8rpgtn5yuu.m4a
[2026-09-23T17:32:54.133Z] #1656/1708 cmmuk1shb05hrgx4uonrh5a6w OK  -> 1773748481048_enzasw8oyge.m4a
[2026-09-23T17:32:55.157Z] #1657/1708 cmmuk1qyz05hpgx4ub16hzzq5 OK  -> 1773748476995_k8sxyrwof5h.m4a
[2026-09-23T17:32:57.999Z] #1658/1708 cmmuk1nu305hngx4uazpgfhag OK  -> 1773748475050_xhnicg0orhd.m4a
[2026-09-23T17:32:58.124Z] #1659/1708 cmmuk1mc905hlgx4uay25yyqc OK  -> 1773748473095_5me6nepvszn.m4a
[2026-09-23T17:33:00.271Z] #1661/1708 cmmuk1jcs05hhgx4ue7p23cwd OK  -> 1773748469228_r383ss5yxnq.m4a
[2026-09-23T17:33:04.217Z] #1660/1708 cmmuk1kts05hjgx4ulmctqdt2 OK  -> 1773748471193_zc79agpfg0n.m4a
[2026-09-23T17:33:06.095Z] #1666/1708 cmm37c9gd021wgxn8fxpre303 OK  -> 1772094547948_ynccddg5679.m4a
[2026-09-23T17:33:06.216Z] #1663/1708 cmmuk1gb405hdgx4uidbnm2hk OK  -> 1773748465238_uz3sppew1kl.m4a
[2026-09-23T17:33:07.868Z] #1665/1708 cmm37cb1u021ygxn8psjzn7jf OK  -> 1772094549876_h3667e2fv5a.m4a
[2026-09-23T17:33:08.031Z] #1664/1708 cmmuk1eqi05hbgx4u29vh4xf6 OK  -> 1773748463197_m8tvr6iadzk.m4a
[2026-09-23T17:33:09.869Z] #1662/1708 cmmuk1hu705hfgx4ux1mgvmjh OK  -> 1773748467255_wwx5jj5x8dn.m4a
[2026-09-23T17:33:12.328Z] #1667/1708 cmm37c7z2021ugxn8a3uduxrg OK  -> 1772094545994_ppe75o85wgu.m4a
[2026-09-23T17:33:12.526Z] #1669/1708 cmm37c4wq021ogxn843pactqt OK  -> 1772094542023_2e3s5ffri7c.m4a
[2026-09-23T17:33:12.623Z] #1668/1708 cmm37c6gt021sgxn8hiwkiq6p OK  -> 1772094543999_8u374z7p8vd.m4a
[2026-09-23T17:33:15.830Z] #1670/1708 cmldpkfpn01x9gxpbqdosyvii OK  -> 1770552929887_8fcq4ddwboq.m4a
[2026-09-23T17:33:16.471Z] #1671/1708 cmldphs4601wpgxpbop0j60kf OK  -> 1770552686308_w7ijbsb5lw.m4a
[2026-09-23T17:33:16.779Z] #1672/1708 cmlc5wac102icgxnlhndmdqah OK  -> 1770459426945_vbwd3cl3ex9.m4a
[2026-09-23T17:33:20.339Z] #1674/1708 cmlc5qbiq02gygxnlh1mx8pe4 OK  -> 1770459018710_xxezxqnjdik.m4a
[2026-09-23T17:33:21.309Z] #1673/1708 cmlc5tig702hqgxnlqnhz9ft6 OK  -> 1770459296818_fihqk4xyh8o.m4a
[2026-09-23T17:33:21.523Z] #1675/1708 cmm38d9b4027kgxn8pvdgwyx3 OK  -> 1772096273871_ok0iqcok4rh.m4a
[2026-09-23T17:33:26.200Z] #1677/1708 cmm38d65c027ggxn820ce9kbc OK  -> 1772096269815_1ldedzd4ho0.m4a
[2026-09-23T17:33:26.449Z] #1676/1708 cmm38d7qb027igxn801m842e4 OK  -> 1772096271827_4vqje8wfss9.m4a
[2026-09-23T17:33:27.713Z] #1678/1708 cmm38d4li027egxn8mpy52oh1 OK  -> 1772096267761_hk0o4ykgwgr.m4a
[2026-09-23T17:33:31.365Z] #1681/1708 cmm38czki0276gxn8q6khhf6s OK  -> 1772096261225_vsr2fb23hp3.m4a
[2026-09-23T17:33:36.903Z] #1683/1708 cmm38cwg40272gxn8rs58h69l OK  -> 1772096257263_1r2n6isbmbz.m4a
[2026-09-23T17:33:36.903Z] #1680/1708 cmm38d1e9027agxn8yi032ttv OK  -> 1772096263329_3nh3m0ljfs7.m4a
[2026-09-23T17:33:36.904Z] #1682/1708 cmm38cxyv0274gxn89i3zgv8h OK  -> 1772096259258_ftps7t7kbf9.m4a
[2026-09-23T17:33:36.906Z] #1679/1708 cmm38d30h027cgxn84ut0958t OK  -> 1772096265693_rn6e2kl9byy.m4a
[2026-09-23T17:33:37.650Z] #1684/1708 cmm38cuw30270gxn8w0unrpou OK  -> 1772096254546_7s30p9a8y8z.m4a
[2026-09-23T17:33:41.880Z] #1685/1708 cmm3k92gr038ygxn8mci7txc9 OK  -> 1772116233747_p5vvq3wj7km.m4a
[2026-09-23T17:33:47.828Z] #1689/1708 cmm3k8w2i038qgxn8elb0v31s OK  -> 1772116225461_5f7cw446i8f.m4a
[2026-09-23T17:33:48.048Z] #1686/1708 cmm3k90ue038wgxn8nkejgx5a OK  -> 1772116231657_sbw8roox1pc.m4a
[2026-09-23T17:33:49.577Z] #1690/1708 cmm3k8uga038ogxn8d0020ps7 OK  -> 1772116223383_jnr5gwnr1bc.m4a
[2026-09-23T17:33:49.688Z] #1688/1708 cmm3k8xmo038sgxn8qz1iuayj OK  -> 1772116227562_yj4azpq7v48.m4a
[2026-09-23T17:33:52.596Z] #1691/1708 cmm3k8suo038mgxn8vcuhkg3e OK  -> 1772116221313_gs2mih08krf.m4a
[2026-09-23T17:33:54.590Z] #1687/1708 cmm3k8z86038ugxn8869qsuwr OK  -> 1772116229569_gv3us4uw8sk.m4a
[2026-09-23T17:34:02.407Z] #1695/1708 cmmd84by40qp3gxn8r68wrpq7 OK  -> 1772700519190_72pavru9llx.m4a
[2026-09-23T17:34:05.191Z] #1693/1708 cmm3k8pm2038igxn8cnd9ii2u OK  -> 1772116216957_q21imn9w8h9.m4a
[2026-09-23T17:34:05.255Z] #1696/1708 cmmd84ads0qp1gxn8i8sv7pm0 OK  -> 1772700517054_fgei9f5qid7.m4a
[2026-09-23T17:34:05.266Z] #1694/1708 cmm3k8nva038ggxn8a2l4n9wp OK  -> 1772116214554_yzp35ddr4mf.m4a
[2026-09-23T17:34:05.451Z] #1697/1708 cmmd848qw0qozgxn8gqrq2436 OK  -> 1772700515091_jq951vbordl.m4a
[2026-09-23T17:34:06.178Z] #1692/1708 cmm3k8r96038kgxn8zi6rjbip OK  -> 1772116219175_x60z9evvqvf.m4a
[2026-09-23T17:34:15.377Z] #1698/1708 cmmd847830qoxgxn822di4uyo OK  -> 1772700513101_pki9kdwl9n2.m4a
[2026-09-23T17:34:19.745Z] #1699/1708 cmmd845os0qovgxn86otj5d5d OK  -> 1772700511208_pw61ixhbrqk.m4a
[2026-09-23T17:34:19.797Z] #1701/1708 cmmd842jx0qorgxn8mqbph6t5 OK  -> 1772700506966_11sximdhvbg.m4a
[2026-09-23T17:34:19.858Z] #1703/1708 cmmd83z8u0qongxn81amxhsbb OK  -> 1772700502674_388r54ys13h.m4a
[2026-09-23T17:34:20.112Z] #1700/1708 cmmd8447p0qotgxn8x36hg2ag OK  -> 1772700509034_661bq2wty51.m4a
[2026-09-23T17:34:22.130Z] #1702/1708 cmmd840xy0qopgxn8x42sijjn OK  -> 1772700504773_m4xz29953c0.m4a
[2026-09-23T17:34:28.505Z] #1704/1708 cmmd83xma0qojgxn8xvgkhfu8 OK  -> 1772700500045_ny03rbz27mo.m4a
[2026-09-23T17:34:29.390Z] #1705/1708 cmk5earqh00ingxkag6t4sbqq OK  -> 1767873421346_wj3mvumb5k9.m4a
[2026-09-23T17:34:29.402Z] #1707/1708 cmj8l3bh40003dy7slefr4594 OK  -> 1765889212171_5c5m63bnzln.m4a
[2026-09-23T17:34:29.505Z] #1708/1708 cmj8io2p10001dy7spta7pi3q OK  -> 1765885438589_grv37iu6kn.m4a
[2026-09-23T17:34:30.830Z] #1706/1708 cmjmvi3k90001dyhcw75fgpq1 OK  -> 1766753391102_9wb523eswil.m4a
[2026-09-23T17:34:30.830Z] FINISHED ok=1708 fail=0
